{
  "created_timestamp": "1970-01-21T01:37:49.432Z",
  "message": "Here's a playlist with more heartbreak vibes from your frequently played songs."
}, {
  "created_timestamp": "1970-01-21T01:37:49.432Z",
  "message": "Some of them aren’t quite sad. I’m thinking more heartbreak vibes"
}, {
  "created_timestamp": "1970-01-21T01:37:49.407Z",
  "message": "Here's a playlist of kind of sad songs that you've played frequently and must like."
}, {
  "created_timestamp": "1970-01-21T01:37:49.407Z",
  "message": "Kind of sad songs? But ones I’ve played frequently so I must like them"
}