[
  {
    "artistName": "Slowed Tunes",
    "segment": "Previously Active Listeners"
  },
  {
    "artistName": "G-Eazy",
    "segment": "Previously Active Listeners"
  },
  {
    "artistName": "Daniel Hope",
    "segment": "Previously Active Listeners"
  },
  {
    "artistName": "Muse",
    "segment": "Previously Active Listeners"
  },
  {
    "artistName": "Fast & Furious: The Fast Saga",
    "segment": "Previously Active Listeners"
  },
  {
    "artistName": "Jimmy Buffett",
    "segment": "Previously Active Listeners"
  },
  {
    "artistName": "frxgxd",
    "segment": "Previously Active Listeners"
  },
  {
    "artistName": "Channel Tres",
    "segment": "Previously Active Listeners"
  },
  {
    "artistName": "Zach Seabaugh",
    "segment": "Moderate listeners"
  },
  {
    "artistName": "Circa Waves",
    "segment": "Previously Active Listeners"
  },
  {
    "artistName": "Jessie Shelton",
    "segment": "Previously Active Listeners"
  },
  {
    "artistName": "Earl Sweatshirt",
    "segment": "Previously Active Listeners"
  },
  {
    "artistName": "Tame Impala",
    "segment": "Previously Active Listeners"
  },
  {
    "artistName": "The Veronicas",
    "segment": "Previously Active Listeners"
  },
  {
    "artistName": "MK",
    "segment": "Previously Active Listeners"
  },
  {
    "artistName": "Karen Harding",
    "segment": "Previously Active Listeners"
  },
  {
    "artistName": "Weezer",
    "segment": "Previously Active Listeners"
  },
  {
    "artistName": "Dylan Gossett",
    "segment": "Moderate listeners"
  },
  {
    "artistName": "Pulp",
    "segment": "Previously Active Listeners"
  },
  {
    "artistName": "Cassie",
    "segment": "Previously Active Listeners"
  },
  {
    "artistName": "Ephraim Sykes",
    "segment": "Previously Active Listeners"
  },
  {
    "artistName": "Jake Owen",
    "segment": "Light listeners"
  },
  {
    "artistName": "Brian Congdon",
    "segment": "Light listeners"
  },
  {
    "artistName": "The Greatest Showman Ensemble",
    "segment": "Previously Active Listeners"
  },
  {
    "artistName": "Lauv",
    "segment": "Previously Active Listeners"
  },
  {
    "artistName": "Christina Aguilera",
    "segment": "Previously Active Listeners"
  },
  {
    "artistName": "The Royal Scots Dragoon Guards",
    "segment": "Previously Active Listeners"
  },
  {
    "artistName": "Flo Rida",
    "segment": "Previously Active Listeners"
  },
  {
    "artistName": "Avril Lavigne",
    "segment": "Previously Active Listeners"
  },
  {
    "artistName": "Jillian Rossi",
    "segment": "Previously Active Listeners"
  },
  {
    "artistName": "The 1975",
    "segment": "Previously Active Listeners"
  },
  {
    "artistName": "Sam MacPherson",
    "segment": "Previously Active Listeners"
  },
  {
    "artistName": "Ray Dalton",
    "segment": "Previously Active Listeners"
  },
  {
    "artistName": "I Virtuosi Italiani",
    "segment": "Previously Active Listeners"
  },
  {
    "artistName": "Mariah Carey",
    "segment": "Previously Active Listeners"
  },
  {
    "artistName": "Michael Marcagi",
    "segment": "Previously Active Listeners"
  },
  {
    "artistName": "Thomas Dolby",
    "segment": "Previously Active Listeners"
  },
  {
    "artistName": "Robbie Dolan",
    "segment": "Previously Active Listeners"
  },
  {
    "artistName": "Eva Noblezada",
    "segment": "Previously Active Listeners"
  },
  {
    "artistName": "Luther Vandross",
    "segment": "Previously Active Listeners"
  },
  {
    "artistName": "Daniel Avery",
    "segment": "Previously Active Listeners"
  },
  {
    "artistName": "MGMT",
    "segment": "Previously Active Listeners"
  },
  {
    "artistName": "Lawson",
    "segment": "Previously Active Listeners"
  },
  {
    "artistName": "Empire Of The Sun",
    "segment": "Previously Active Listeners"
  },
  {
    "artistName": "Joji",
    "segment": "Previously Active Listeners"
  },
  {
    "artistName": "Walker Hayes",
    "segment": "Light listeners"
  },
  {
    "artistName": "Zac Brown Band",
    "segment": "Moderate listeners"
  },
  {
    "artistName": "Natalie Taylor",
    "segment": "Previously Active Listeners"
  },
  {
    "artistName": "Michael Kiwanuka",
    "segment": "Previously Active Listeners"
  },
  {
    "artistName": "Reef",
    "segment": "Previously Active Listeners"
  },
  {
    "artistName": "Nessa Barrett",
    "segment": "Previously Active Listeners"
  },
  {
    "artistName": "John Mayer",
    "segment": "Previously Active Listeners"
  },
  {
    "artistName": "Kimbra",
    "segment": "Previously Active Listeners"
  },
  {
    "artistName": "Sam Barber",
    "segment": "Super Listeners"
  },
  {
    "artistName": "Cassadee Pope",
    "segment": "Previously Active Listeners"
  },
  {
    "artistName": "Keala Settle",
    "segment": "Previously Active Listeners"
  },
  {
    "artistName": "Jean-Philippe Massicot",
    "segment": "Previously Active Listeners"
  },
  {
    "artistName": "Kira Stone",
    "segment": "Previously Active Listeners"
  },
  {
    "artistName": "Sabrina Carpenter",
    "segment": "Previously Active Listeners"
  },
  {
    "artistName": "The Stone Roses",
    "segment": "Previously Active Listeners"
  },
  {
    "artistName": "ABC",
    "segment": "Previously Active Listeners"
  },
  {
    "artistName": "Robin Schulz",
    "segment": "Previously Active Listeners"
  },
  {
    "artistName": "Sammy Kershaw",
    "segment": "Previously Active Listeners"
  },
  {
    "artistName": "Daniel Caesar",
    "segment": "Previously Active Listeners"
  },
  {
    "artistName": "Grace Phipps",
    "segment": "Previously Active Listeners"
  },
  {
    "artistName": "Summer Dean",
    "segment": "Previously Active Listeners"
  },
  {
    "artistName": "Quarters of Change",
    "segment": "Previously Active Listeners"
  },
  {
    "artistName": "Sam Smith",
    "segment": "Previously Active Listeners"
  },
  {
    "artistName": "24kGoldn",
    "segment": "Previously Active Listeners"
  },
  {
    "artistName": "Brett Dennen",
    "segment": "Previously Active Listeners"
  },
  {
    "artistName": "The Vaccines",
    "segment": "Previously Active Listeners"
  },
  {
    "artistName": "Laura Dreyfuss",
    "segment": "Previously Active Listeners"
  },
  {
    "artistName": "Ricky Martin",
    "segment": "Previously Active Listeners"
  },
  {
    "artistName": "Yung Bae",
    "segment": "Previously Active Listeners"
  },
  {
    "artistName": "Louis Tomlinson",
    "segment": "Previously Active Listeners"
  },
  {
    "artistName": "JAMEZ",
    "segment": "Previously Active Listeners"
  },
  {
    "artistName": "Ariana DeBose",
    "segment": "Previously Active Listeners"
  },
  {
    "artistName": "The Rolling Stones",
    "segment": "Previously Active Listeners"
  },
  {
    "artistName": "Billy Currington",
    "segment": "Light listeners"
  },
  {
    "artistName": "Coolio",
    "segment": "Previously Active Listeners"
  },
  {
    "artistName": "Cornelia Jakobs",
    "segment": "Previously Active Listeners"
  },
  {
    "artistName": "T.I.",
    "segment": "Previously Active Listeners"
  },
  {
    "artistName": "Hailey Whitters",
    "segment": "Previously Active Listeners"
  },
  {
    "artistName": "Leona Lewis",
    "segment": "Previously Active Listeners"
  },
  {
    "artistName": "Elley Duhé",
    "segment": "Previously Active Listeners"
  },
  {
    "artistName": "N.W.A.",
    "segment": "Previously Active Listeners"
  },
  {
    "artistName": "Avery Anna",
    "segment": "Super Listeners"
  },
  {
    "artistName": "G Herbo",
    "segment": "Previously Active Listeners"
  },
  {
    "artistName": "Morgan Wallen",
    "segment": "Super Listeners"
  },
  {
    "artistName": "Kaleb Sanders",
    "segment": "Previously Active Listeners"
  },
  {
    "artistName": "Russell Dickerson",
    "segment": "Moderate listeners"
  },
  {
    "artistName": "Justin Moore",
    "segment": "Previously Active Listeners"
  },
  {
    "artistName": "Kanye West",
    "segment": "Previously Active Listeners"
  },
  {
    "artistName": "Jordan Davis",
    "segment": "Super Listeners"
  },
  {
    "artistName": "The Who",
    "segment": "Previously Active Listeners"
  },
  {
    "artistName": "Zach Bryan",
    "segment": "Super Listeners"
  },
  {
    "artistName": "André De Shields",
    "segment": "Previously Active Listeners"
  },
  {
    "artistName": "Julia Cole",
    "segment": "Previously Active Listeners"
  },
  {
    "artistName": "Malcolm Armwood",
    "segment": "Previously Active Listeners"
  },
  {
    "artistName": "The Wombats",
    "segment": "Previously Active Listeners"
  },
  {
    "artistName": "Chappell Roan",
    "segment": "Previously Active Listeners"
  },
  {
    "artistName": "Cupidon",
    "segment": "Previously Active Listeners"
  },
  {
    "artistName": "James Morrison",
    "segment": "Previously Active Listeners"
  },
  {
    "artistName": "The Kid LAROI",
    "segment": "Previously Active Listeners"
  },
  {
    "artistName": "Bailey Zimmerman",
    "segment": "Moderate listeners"
  },
  {
    "artistName": "Mac Miller",
    "segment": "Moderate listeners"
  },
  {
    "artistName": "Cast of High School Musical: The Musical: The Series",
    "segment": "Previously Active Listeners"
  },
  {
    "artistName": "Lana Del Rey",
    "segment": "Previously Active Listeners"
  },
  {
    "artistName": "Dea Matrona",
    "segment": "Previously Active Listeners"
  },
  {
    "artistName": "Halsey",
    "segment": "Previously Active Listeners"
  },
  {
    "artistName": "Various Artists",
    "segment": "Previously Active Listeners"
  },
  {
    "artistName": "MARINA",
    "segment": "Previously Active Listeners"
  },
  {
    "artistName": "Colter Wall",
    "segment": "Light listeners"
  },
  {
    "artistName": "Dolly Parton",
    "segment": "Previously Active Listeners"
  },
  {
    "artistName": "Corinne Bailey Rae",
    "segment": "Previously Active Listeners"
  },
  {
    "artistName": "KC & The Sunshine Band",
    "segment": "Previously Active Listeners"
  },
  {
    "artistName": "Will Roland",
    "segment": "Previously Active Listeners"
  },
  {
    "artistName": "Peter Bjorn and John",
    "segment": "Previously Active Listeners"
  },
  {
    "artistName": "John DeLuca",
    "segment": "Previously Active Listeners"
  },
  {
    "artistName": "Kimberly Marable",
    "segment": "Previously Active Listeners"
  },
  {
    "artistName": "The Darkness",
    "segment": "Previously Active Listeners"
  },
  {
    "artistName": "Caesars",
    "segment": "Previously Active Listeners"
  },
  {
    "artistName": "Jordan Fisher",
    "segment": "Previously Active Listeners"
  },
  {
    "artistName": "Sugababes",
    "segment": "Previously Active Listeners"
  },
  {
    "artistName": "Spencer Lee",
    "segment": "Previously Active Listeners"
  },
  {
    "artistName": "Disciples",
    "segment": "Previously Active Listeners"
  },
  {
    "artistName": "Macklemore",
    "segment": "Previously Active Listeners"
  },
  {
    "artistName": "Josh Meloy",
    "segment": "Previously Active Listeners"
  },
  {
    "artistName": "Taio Cruz",
    "segment": "Previously Active Listeners"
  },
  {
    "artistName": "Tristan Salvati",
    "segment": "Previously Active Listeners"
  },
  {
    "artistName": "Aidan Canfield",
    "segment": "Previously Active Listeners"
  },
  {
    "artistName": "Mark Ronson",
    "segment": "Previously Active Listeners"
  },
  {
    "artistName": "Chri$tian Gate$",
    "segment": "Previously Active Listeners"
  },
  {
    "artistName": "Declan McKenna",
    "segment": "Previously Active Listeners"
  },
  {
    "artistName": "Milky Chance",
    "segment": "Previously Active Listeners"
  },
  {
    "artistName": "Lilly Wood and The Prick",
    "segment": "Previously Active Listeners"
  },
  {
    "artistName": "Becky Hill",
    "segment": "Previously Active Listeners"
  },
  {
    "artistName": "Noah Schnacky",
    "segment": "Previously Active Listeners"
  },
  {
    "artistName": "The Marías",
    "segment": "Super Listeners"
  },
  {
    "artistName": "Iyaz",
    "segment": "Previously Active Listeners"
  },
  {
    "artistName": "Nothing But Thieves",
    "segment": "Previously Active Listeners"
  },
  {
    "artistName": "CeeLo Green",
    "segment": "Previously Active Listeners"
  },
  {
    "artistName": "Madonna",
    "segment": "Previously Active Listeners"
  },
  {
    "artistName": "Sigala",
    "segment": "Previously Active Listeners"
  },
  {
    "artistName": "AC/DC",
    "segment": "Previously Active Listeners"
  },
  {
    "artistName": "Lee Brice",
    "segment": "Light listeners"
  },
  {
    "artistName": "Dan Caplen",
    "segment": "Previously Active Listeners"
  },
  {
    "artistName": "Katy Perry",
    "segment": "Previously Active Listeners"
  },
  {
    "artistName": "Tyler Braden",
    "segment": "Previously Active Listeners"
  },
  {
    "artistName": "Taylor Swift",
    "segment": "Previously Active Listeners"
  },
  {
    "artistName": "Jamiroquai",
    "segment": "Previously Active Listeners"
  },
  {
    "artistName": "Michael Jackson",
    "segment": "Previously Active Listeners"
  },
  {
    "artistName": "Rosa Linn",
    "segment": "Previously Active Listeners"
  },
  {
    "artistName": "Lewis Capaldi",
    "segment": "Previously Active Listeners"
  },
  {
    "artistName": "Ben Camden",
    "segment": "Previously Active Listeners"
  },
  {
    "artistName": "Parmalee",
    "segment": "Previously Active Listeners"
  },
  {
    "artistName": "asiris",
    "segment": "Moderate listeners"
  },
  {
    "artistName": "fun.",
    "segment": "Previously Active Listeners"
  },
  {
    "artistName": "Ella Henderson",
    "segment": "Previously Active Listeners"
  },
  {
    "artistName": "Galantis",
    "segment": "Previously Active Listeners"
  },
  {
    "artistName": "Teddy Swims",
    "segment": "Previously Active Listeners"
  },
  {
    "artistName": "Matt Maeson",
    "segment": "Previously Active Listeners"
  },
  {
    "artistName": "Bradley Cooper",
    "segment": "Previously Active Listeners"
  },
  {
    "artistName": "Ariana Grande",
    "segment": "Previously Active Listeners"
  },
  {
    "artistName": "Trevor Daniel",
    "segment": "Previously Active Listeners"
  },
  {
    "artistName": "MNEK",
    "segment": "Previously Active Listeners"
  },
  {
    "artistName": "Old 97's",
    "segment": "Previously Active Listeners"
  },
  {
    "artistName": "Josh Ross",
    "segment": "Moderate listeners"
  },
  {
    "artistName": "Filmore",
    "segment": "Light listeners"
  },
  {
    "artistName": "manleydown",
    "segment": "Previously Active Listeners"
  },
  {
    "artistName": "Tom Lord-Alge",
    "segment": "Previously Active Listeners"
  },
  {
    "artistName": "Steven Rodriguez",
    "segment": "Previously Active Listeners"
  },
  {
    "artistName": "Call Me Karizma",
    "segment": "Previously Active Listeners"
  },
  {
    "artistName": "Duran Duran",
    "segment": "Previously Active Listeners"
  },
  {
    "artistName": "Stardust",
    "segment": "Previously Active Listeners"
  },
  {
    "artistName": "Jérémie Makiese",
    "segment": "Previously Active Listeners"
  },
  {
    "artistName": "Brian Tyler",
    "segment": "Previously Active Listeners"
  },
  {
    "artistName": "Maren Morris",
    "segment": "Previously Active Listeners"
  },
  {
    "artistName": "Megan Moroney",
    "segment": "Light listeners"
  },
  {
    "artistName": "Bad Bunny",
    "segment": "Light listeners"
  },
  {
    "artistName": "Tyler Shaw",
    "segment": "Previously Active Listeners"
  },
  {
    "artistName": "The Cardigans",
    "segment": "Previously Active Listeners"
  },
  {
    "artistName": "Talia Mar",
    "segment": "Previously Active Listeners"
  },
  {
    "artistName": "OMI",
    "segment": "Previously Active Listeners"
  },
  {
    "artistName": "Jelly Roll",
    "segment": "Previously Active Listeners"
  },
  {
    "artistName": "The Strokes",
    "segment": "Previously Active Listeners"
  },
  {
    "artistName": "Eric Clapton Experience",
    "segment": "Previously Active Listeners"
  },
  {
    "artistName": "XXXTENTACION",
    "segment": "Previously Active Listeners"
  },
  {
    "artistName": "DeBarge",
    "segment": "Previously Active Listeners"
  },
  {
    "artistName": "Sean Kingston",
    "segment": "Previously Active Listeners"
  },
  {
    "artistName": "The Academic",
    "segment": "Previously Active Listeners"
  },
  {
    "artistName": "Florence + The Machine",
    "segment": "Previously Active Listeners"
  },
  {
    "artistName": "Fontaines D.C.",
    "segment": "Previously Active Listeners"
  },
  {
    "artistName": "Jake Bugg",
    "segment": "Previously Active Listeners"
  },
  {
    "artistName": "Paul Simon",
    "segment": "Previously Active Listeners"
  },
  {
    "artistName": "Julia Michaels",
    "segment": "Previously Active Listeners"
  },
  {
    "artistName": "Sam Fender",
    "segment": "Previously Active Listeners"
  },
  {
    "artistName": "New West",
    "segment": "Previously Active Listeners"
  },
  {
    "artistName": "Scouting For Girls",
    "segment": "Previously Active Listeners"
  },
  {
    "artistName": "Jorja Smith",
    "segment": "Previously Active Listeners"
  },
  {
    "artistName": "Ab-Soul",
    "segment": "Previously Active Listeners"
  },
  {
    "artistName": "The Lumineers",
    "segment": "Previously Active Listeners"
  },
  {
    "artistName": "Lonestar",
    "segment": "Previously Active Listeners"
  },
  {
    "artistName": "Benny Sings",
    "segment": "Previously Active Listeners"
  },
  {
    "artistName": "Leon Bridges",
    "segment": "Light listeners"
  },
  {
    "artistName": "Noah Cyrus",
    "segment": "Previously Active Listeners"
  },
  {
    "artistName": "Rita Ora",
    "segment": "Previously Active Listeners"
  },
  {
    "artistName": "Maroon 5",
    "segment": "Previously Active Listeners"
  },
  {
    "artistName": "Duncan Laurence",
    "segment": "Previously Active Listeners"
  },
  {
    "artistName": "Micky",
    "segment": "Previously Active Listeners"
  },
  {
    "artistName": "The Wanted",
    "segment": "Previously Active Listeners"
  },
  {
    "artistName": "Van Halen",
    "segment": "Previously Active Listeners"
  },
  {
    "artistName": "The Clash",
    "segment": "Previously Active Listeners"
  },
  {
    "artistName": "Maia Mitchell",
    "segment": "Previously Active Listeners"
  },
  {
    "artistName": "Solomon Burke",
    "segment": "Previously Active Listeners"
  },
  {
    "artistName": "Beastie Boys",
    "segment": "Previously Active Listeners"
  },
  {
    "artistName": "Teen Beach Movie Cast",
    "segment": "Previously Active Listeners"
  },
  {
    "artistName": "Dave Stewart",
    "segment": "Previously Active Listeners"
  },
  {
    "artistName": "Clinton Kane",
    "segment": "Previously Active Listeners"
  },
  {
    "artistName": "Action Bronson",
    "segment": "Previously Active Listeners"
  },
  {
    "artistName": "The Libertines",
    "segment": "Previously Active Listeners"
  },
  {
    "artistName": "Shaboozey",
    "segment": "Previously Active Listeners"
  },
  {
    "artistName": "Abe Parker",
    "segment": "Previously Active Listeners"
  },
  {
    "artistName": "Blackstreet",
    "segment": "Previously Active Listeners"
  },
  {
    "artistName": "Carly Rose",
    "segment": "Previously Active Listeners"
  },
  {
    "artistName": "The Killers",
    "segment": "Previously Active Listeners"
  },
  {
    "artistName": "Rachel Platten",
    "segment": "Previously Active Listeners"
  },
  {
    "artistName": "Ellie Goulding",
    "segment": "Previously Active Listeners"
  },
  {
    "artistName": "Ozuna",
    "segment": "Previously Active Listeners"
  },
  {
    "artistName": "The Cure",
    "segment": "Previously Active Listeners"
  },
  {
    "artistName": "Suriel Hess",
    "segment": "Previously Active Listeners"
  },
  {
    "artistName": "Slowdive",
    "segment": "Previously Active Listeners"
  },
  {
    "artistName": "Gloria Gaynor",
    "segment": "Previously Active Listeners"
  },
  {
    "artistName": "THE DRIVER ERA",
    "segment": "Previously Active Listeners"
  },
  {
    "artistName": "Brett Young",
    "segment": "Super Listeners"
  },
  {
    "artistName": "Cody Johnson",
    "segment": "Moderate listeners"
  },
  {
    "artistName": "Ocean Alley",
    "segment": "Previously Active Listeners"
  },
  {
    "artistName": "Tucker Wetmore",
    "segment": "Previously Active Listeners"
  },
  {
    "artistName": "The Red Clay Strays",
    "segment": "Previously Active Listeners"
  },
  {
    "artistName": "Mary Mary",
    "segment": "Previously Active Listeners"
  },
  {
    "artistName": "Nabihah Iqbal",
    "segment": "Previously Active Listeners"
  },
  {
    "artistName": "Bebe Rexha",
    "segment": "Previously Active Listeners"
  },
  {
    "artistName": "Sarah Cothran",
    "segment": "Previously Active Listeners"
  },
  {
    "artistName": "Alicia Keys",
    "segment": "Previously Active Listeners"
  },
  {
    "artistName": "Count Basie",
    "segment": "Previously Active Listeners"
  },
  {
    "artistName": "Meghan Trainor",
    "segment": "Previously Active Listeners"
  },
  {
    "artistName": "Mayo.",
    "segment": "Previously Active Listeners"
  },
  {
    "artistName": "Eurythmics",
    "segment": "Previously Active Listeners"
  },
  {
    "artistName": "Afra Hines",
    "segment": "Previously Active Listeners"
  },
  {
    "artistName": "Garrett Clayton",
    "segment": "Previously Active Listeners"
  },
  {
    "artistName": "vaultboy",
    "segment": "Previously Active Listeners"
  },
  {
    "artistName": "Gage Brigance",
    "segment": "Previously Active Listeners"
  },
  {
    "artistName": "Gotye",
    "segment": "Previously Active Listeners"
  },
  {
    "artistName": "Armando Julián",
    "segment": "Previously Active Listeners"
  },
  {
    "artistName": "Nile Rodgers",
    "segment": "Previously Active Listeners"
  },
  {
    "artistName": "Edith Whiskers",
    "segment": "Previously Active Listeners"
  },
  {
    "artistName": "alt-J",
    "segment": "Previously Active Listeners"
  },
  {
    "artistName": "Vincent Mason",
    "segment": "Previously Active Listeners"
  },
  {
    "artistName": "Conan Gray",
    "segment": "Previously Active Listeners"
  },
  {
    "artistName": "Lennon Stella",
    "segment": "Previously Active Listeners"
  },
  {
    "artistName": "Billy Joel",
    "segment": "Previously Active Listeners"
  },
  {
    "artistName": "Billie Eilish",
    "segment": "Previously Active Listeners"
  },
  {
    "artistName": "Nate Smith",
    "segment": "Previously Active Listeners"
  },
  {
    "artistName": "John Martin",
    "segment": "Previously Active Listeners"
  },
  {
    "artistName": "Deep Blue Something",
    "segment": "Previously Active Listeners"
  },
  {
    "artistName": "The Vamps",
    "segment": "Previously Active Listeners"
  },
  {
    "artistName": "Quinn XCII",
    "segment": "Previously Active Listeners"
  },
  {
    "artistName": "Amanda Shires",
    "segment": "Light listeners"
  },
  {
    "artistName": "The Neighbourhood",
    "segment": "Previously Active Listeners"
  },
  {
    "artistName": "Hunter Hayes",
    "segment": "Moderate listeners"
  },
  {
    "artistName": "Ludovico Einaudi",
    "segment": "Previously Active Listeners"
  },
  {
    "artistName": "Sir Starmer and the Granny Harmers",
    "segment": "Previously Active Listeners"
  },
  {
    "artistName": "Kaiser Chiefs",
    "segment": "Previously Active Listeners"
  },
  {
    "artistName": "Thomas Rhett",
    "segment": "Light listeners"
  },
  {
    "artistName": "Lainey Wilson",
    "segment": "Light listeners"
  },
  {
    "artistName": "Semisonic",
    "segment": "Previously Active Listeners"
  },
  {
    "artistName": "Eric Church",
    "segment": "Moderate listeners"
  },
  {
    "artistName": "Queen",
    "segment": "Previously Active Listeners"
  },
  {
    "artistName": "Joshua Bassett",
    "segment": "Previously Active Listeners"
  },
  {
    "artistName": "USHER",
    "segment": "Previously Active Listeners"
  },
  {
    "artistName": "Yvette Gonzalez-Nacer",
    "segment": "Previously Active Listeners"
  },
  {
    "artistName": "Teddybears",
    "segment": "Previously Active Listeners"
  },
  {
    "artistName": "JLS",
    "segment": "Previously Active Listeners"
  },
  {
    "artistName": "Rixton",
    "segment": "Previously Active Listeners"
  },
  {
    "artistName": "Real Hypha",
    "segment": "Previously Active Listeners"
  },
  {
    "artistName": "Kameron Marlowe",
    "segment": "Moderate listeners"
  },
  {
    "artistName": "Speed Radio",
    "segment": "Previously Active Listeners"
  },
  {
    "artistName": "All Time Low",
    "segment": "Previously Active Listeners"
  },
  {
    "artistName": "Two Door Cinema Club",
    "segment": "Previously Active Listeners"
  },
  {
    "artistName": "Billy Strings",
    "segment": "Previously Active Listeners"
  },
  {
    "artistName": "Kay Trinidad",
    "segment": "Previously Active Listeners"
  },
  {
    "artistName": "Bridgit Mendler",
    "segment": "Previously Active Listeners"
  },
  {
    "artistName": "Pharrell Williams",
    "segment": "Previously Active Listeners"
  },
  {
    "artistName": "Mike Posner",
    "segment": "Moderate listeners"
  },
  {
    "artistName": "Paolo Nutini",
    "segment": "Previously Active Listeners"
  },
  {
    "artistName": "The Fratellis",
    "segment": "Previously Active Listeners"
  },
  {
    "artistName": "Whitney Houston",
    "segment": "Previously Active Listeners"
  },
  {
    "artistName": "Adam Jacobs",
    "segment": "Previously Active Listeners"
  },
  {
    "artistName": "Elbow",
    "segment": "Previously Active Listeners"
  },
  {
    "artistName": "iann dior",
    "segment": "Previously Active Listeners"
  },
  {
    "artistName": "Disney",
    "segment": "Previously Active Listeners"
  },
  {
    "artistName": "Max S",
    "segment": "Previously Active Listeners"
  },
  {
    "artistName": "John Murphy",
    "segment": "Previously Active Listeners"
  },
  {
    "artistName": "EPIC Ensemble",
    "segment": "Previously Active Listeners"
  },
  {
    "artistName": "James Arthur",
    "segment": "Previously Active Listeners"
  },
  {
    "artistName": "Sturgill Simpson",
    "segment": "Previously Active Listeners"
  },
  {
    "artistName": "John Legend",
    "segment": "Previously Active Listeners"
  },
  {
    "artistName": "Traffic",
    "segment": "Previously Active Listeners"
  },
  {
    "artistName": "Shawn Mendes",
    "segment": "Previously Active Listeners"
  },
  {
    "artistName": "Anaïs Mitchell",
    "segment": "Previously Active Listeners"
  },
  {
    "artistName": "Traditional",
    "segment": "Previously Active Listeners"
  },
  {
    "artistName": "Jason Derulo",
    "segment": "Previously Active Listeners"
  },
  {
    "artistName": "Cast Of 'Camp Rock 2'",
    "segment": "Previously Active Listeners"
  },
  {
    "artistName": "WALK THE MOON",
    "segment": "Previously Active Listeners"
  },
  {
    "artistName": "Lily Meola",
    "segment": "Previously Active Listeners"
  },
  {
    "artistName": "Rihanna",
    "segment": "Previously Active Listeners"
  },
  {
    "artistName": "Lin-Manuel Miranda",
    "segment": "Previously Active Listeners"
  },
  {
    "artistName": "Dermot Kennedy",
    "segment": "Previously Active Listeners"
  },
  {
    "artistName": "Rocky",
    "segment": "Previously Active Listeners"
  },
  {
    "artistName": "Teddy Robb",
    "segment": "Moderate listeners"
  },
  {
    "artistName": "southstar",
    "segment": "Previously Active Listeners"
  },
  {
    "artistName": "Yoh kamiyama",
    "segment": "Previously Active Listeners"
  },
  {
    "artistName": "D-Block Europe",
    "segment": "Previously Active Listeners"
  },
  {
    "artistName": "Kelly Clarkson",
    "segment": "Previously Active Listeners"
  },
  {
    "artistName": "ScHoolboy Q",
    "segment": "Previously Active Listeners"
  },
  {
    "artistName": "Zach Hood",
    "segment": "Light listeners"
  },
  {
    "artistName": "Maddie & Tae",
    "segment": "Light listeners"
  },
  {
    "artistName": "Barenaked Ladies",
    "segment": "Previously Active Listeners"
  },
  {
    "artistName": "Luke Combs",
    "segment": "Super Listeners"
  },
  {
    "artistName": "Larry Fleet",
    "segment": "Previously Active Listeners"
  },
  {
    "artistName": "ACM Awards New Artist Nominees",
    "segment": "Previously Active Listeners"
  },
  {
    "artistName": "Chase Rice",
    "segment": "Moderate listeners"
  },
  {
    "artistName": "Alexander Rybak",
    "segment": "Previously Active Listeners"
  },
  {
    "artistName": "Annie Lennox",
    "segment": "Previously Active Listeners"
  },
  {
    "artistName": "Silk Sonic",
    "segment": "Previously Active Listeners"
  },
  {
    "artistName": "Playdate",
    "segment": "Previously Active Listeners"
  },
  {
    "artistName": "The Feeling",
    "segment": "Previously Active Listeners"
  },
  {
    "artistName": "KALEO",
    "segment": "Previously Active Listeners"
  },
  {
    "artistName": "Brooks & Dunn",
    "segment": "Previously Active Listeners"
  },
  {
    "artistName": "CHVRCHES",
    "segment": "Previously Active Listeners"
  },
  {
    "artistName": "Kenny Rogers",
    "segment": "Previously Active Listeners"
  },
  {
    "artistName": "Ingrid Andress",
    "segment": "Light listeners"
  },
  {
    "artistName": "Green Day",
    "segment": "Previously Active Listeners"
  },
  {
    "artistName": "Indila",
    "segment": "Previously Active Listeners"
  },
  {
    "artistName": "Dustin Lynch",
    "segment": "Light listeners"
  },
  {
    "artistName": "Gryffin",
    "segment": "Previously Active Listeners"
  },
  {
    "artistName": "Jameson Rodgers",
    "segment": "Light listeners"
  },
  {
    "artistName": "SZA",
    "segment": "Previously Active Listeners"
  },
  {
    "artistName": "Haris Kostopoulos",
    "segment": "Previously Active Listeners"
  },
  {
    "artistName": "King Krule",
    "segment": "Previously Active Listeners"
  },
  {
    "artistName": "Ahmad Simmons",
    "segment": "Previously Active Listeners"
  },
  {
    "artistName": "Bon Iver",
    "segment": "Previously Active Listeners"
  },
  {
    "artistName": "ILLENIUM",
    "segment": "Previously Active Listeners"
  },
  {
    "artistName": "Ber",
    "segment": "Previously Active Listeners"
  },
  {
    "artistName": "Dean Lewis",
    "segment": "Previously Active Listeners"
  },
  {
    "artistName": "Hozier",
    "segment": "Previously Active Listeners"
  },
  {
    "artistName": "Sade",
    "segment": "Previously Active Listeners"
  },
  {
    "artistName": "Michael Park",
    "segment": "Previously Active Listeners"
  },
  {
    "artistName": "Coldplay",
    "segment": "Previously Active Listeners"
  },
  {
    "artistName": "Jewelle Blackman",
    "segment": "Previously Active Listeners"
  },
  {
    "artistName": "August Charles",
    "segment": "Previously Active Listeners"
  },
  {
    "artistName": "BURNS",
    "segment": "Previously Active Listeners"
  },
  {
    "artistName": "Ed Sheeran",
    "segment": "Previously Active Listeners"
  },
  {
    "artistName": "jev.",
    "segment": "Previously Active Listeners"
  },
  {
    "artistName": "Blake Shelton",
    "segment": "Previously Active Listeners"
  },
  {
    "artistName": "Destiny's Child",
    "segment": "Previously Active Listeners"
  },
  {
    "artistName": "Post Malone",
    "segment": "Moderate listeners"
  },
  {
    "artistName": "Kodaline",
    "segment": "Previously Active Listeners"
  },
  {
    "artistName": "The Fray",
    "segment": "Previously Active Listeners"
  },
  {
    "artistName": "Cage The Elephant",
    "segment": "Previously Active Listeners"
  },
  {
    "artistName": "Blanco Brown",
    "segment": "Previously Active Listeners"
  },
  {
    "artistName": "Beach Weather",
    "segment": "Previously Active Listeners"
  },
  {
    "artistName": "Josh Turner",
    "segment": "Light listeners"
  },
  {
    "artistName": "Dylan Marlowe",
    "segment": "Moderate listeners"
  },
  {
    "artistName": "Vika Jigulina",
    "segment": "Previously Active Listeners"
  },
  {
    "artistName": "American Authors",
    "segment": "Previously Active Listeners"
  },
  {
    "artistName": "Olivia Rodrigo",
    "segment": "Previously Active Listeners"
  },
  {
    "artistName": "The Kooks",
    "segment": "Previously Active Listeners"
  },
  {
    "artistName": "We The Kings",
    "segment": "Previously Active Listeners"
  },
  {
    "artistName": "Jorge Rivera-Herrans",
    "segment": "Previously Active Listeners"
  },
  {
    "artistName": "Santino Fontana",
    "segment": "Previously Active Listeners"
  },
  {
    "artistName": "Jason Evigan",
    "segment": "Previously Active Listeners"
  },
  {
    "artistName": "Mark Ambor",
    "segment": "Previously Active Listeners"
  },
  {
    "artistName": "LeAnn Rimes",
    "segment": "Previously Active Listeners"
  },
  {
    "artistName": "Take That",
    "segment": "Previously Active Listeners"
  },
  {
    "artistName": "Little Mix",
    "segment": "Previously Active Listeners"
  },
  {
    "artistName": "Charlie Worsham",
    "segment": "Previously Active Listeners"
  },
  {
    "artistName": "Benson Boone",
    "segment": "Previously Active Listeners"
  },
  {
    "artistName": "Jac Ross",
    "segment": "Previously Active Listeners"
  },
  {
    "artistName": "The Weather Girls",
    "segment": "Previously Active Listeners"
  },
  {
    "artistName": "Blossoms",
    "segment": "Previously Active Listeners"
  },
  {
    "artistName": "Dixon Dallas",
    "segment": "Previously Active Listeners"
  },
  {
    "artistName": "One Direction",
    "segment": "Previously Active Listeners"
  },
  {
    "artistName": "Ugly Kid Joe",
    "segment": "Previously Active Listeners"
  },
  {
    "artistName": "Miley Cyrus",
    "segment": "Previously Active Listeners"
  },
  {
    "artistName": "James Bay",
    "segment": "Previously Active Listeners"
  },
  {
    "artistName": "Ruth B.",
    "segment": "Previously Active Listeners"
  },
  {
    "artistName": "Fujii Kaze",
    "segment": "Previously Active Listeners"
  },
  {
    "artistName": "Clean Bandit",
    "segment": "Previously Active Listeners"
  },
  {
    "artistName": "Swedish House Mafia",
    "segment": "Previously Active Listeners"
  },
  {
    "artistName": "Jamie xx",
    "segment": "Previously Active Listeners"
  },
  {
    "artistName": "Ryan Lewis",
    "segment": "Previously Active Listeners"
  },
  {
    "artistName": "Lily-Rose Depp",
    "segment": "Previously Active Listeners"
  },
  {
    "artistName": "Rudimental",
    "segment": "Previously Active Listeners"
  },
  {
    "artistName": "Edward Maya",
    "segment": "Previously Active Listeners"
  },
  {
    "artistName": "Dire Straits",
    "segment": "Previously Active Listeners"
  },
  {
    "artistName": "Nelly Furtado",
    "segment": "Previously Active Listeners"
  },
  {
    "artistName": "Zac Samuel",
    "segment": "Previously Active Listeners"
  },
  {
    "artistName": "JID",
    "segment": "Previously Active Listeners"
  },
  {
    "artistName": "B.o.B",
    "segment": "Previously Active Listeners"
  },
  {
    "artistName": "Modjo",
    "segment": "Previously Active Listeners"
  },
  {
    "artistName": "Alyson Stoner",
    "segment": "Previously Active Listeners"
  },
  {
    "artistName": "Grey",
    "segment": "Previously Active Listeners"
  },
  {
    "artistName": "david hugo",
    "segment": "Previously Active Listeners"
  },
  {
    "artistName": "Fleetwood Mac",
    "segment": "Previously Active Listeners"
  },
  {
    "artistName": "Seven Lions",
    "segment": "Previously Active Listeners"
  },
  {
    "artistName": "Milaa",
    "segment": "Previously Active Listeners"
  },
  {
    "artistName": "Olly Murs",
    "segment": "Moderate listeners"
  },
  {
    "artistName": "Gym Class Heroes",
    "segment": "Previously Active Listeners"
  },
  {
    "artistName": "Pitbull",
    "segment": "Previously Active Listeners"
  },
  {
    "artistName": "Khaila Wilcoxon",
    "segment": "Previously Active Listeners"
  },
  {
    "artistName": "Keane",
    "segment": "Previously Active Listeners"
  },
  {
    "artistName": "Sara Bareilles",
    "segment": "Previously Active Listeners"
  },
  {
    "artistName": "Ross Lynch",
    "segment": "Previously Active Listeners"
  },
  {
    "artistName": "ZAYN",
    "segment": "Previously Active Listeners"
  },
  {
    "artistName": "Kevin Shirley",
    "segment": "Previously Active Listeners"
  },
  {
    "artistName": "Frank Ocean",
    "segment": "Previously Active Listeners"
  },
  {
    "artistName": "LG Malique",
    "segment": "Previously Active Listeners"
  },
  {
    "artistName": "Frawley",
    "segment": "Previously Active Listeners"
  },
  {
    "artistName": "Armin van Buuren",
    "segment": "Previously Active Listeners"
  },
  {
    "artistName": "Jack Black",
    "segment": "Previously Active Listeners"
  },
  {
    "artistName": "Hugh Laurie",
    "segment": "Previously Active Listeners"
  },
  {
    "artistName": "Jonas Blue",
    "segment": "Previously Active Listeners"
  },
  {
    "artistName": "Andrew Barth Feldman",
    "segment": "Previously Active Listeners"
  },
  {
    "artistName": "Phil Collins",
    "segment": "Previously Active Listeners"
  },
  {
    "artistName": "Various Artists",
    "segment": "Previously Active Listeners"
  },
  {
    "artistName": "Ashe",
    "segment": "Previously Active Listeners"
  },
  {
    "artistName": "Royel Otis",
    "segment": "Previously Active Listeners"
  },
  {
    "artistName": "Stephen Sanchez",
    "segment": "Previously Active Listeners"
  },
  {
    "artistName": "The Script",
    "segment": "Previously Active Listeners"
  },
  {
    "artistName": "Bryan Adams",
    "segment": "Previously Active Listeners"
  },
  {
    "artistName": "Fall Out Boy",
    "segment": "Previously Active Listeners"
  },
  {
    "artistName": "ERNEST",
    "segment": "Moderate listeners"
  },
  {
    "artistName": "Josh Rabenold",
    "segment": "Previously Active Listeners"
  },
  {
    "artistName": "Twenty One Pilots",
    "segment": "Previously Active Listeners"
  },
  {
    "artistName": "Selena Gomez",
    "segment": "Previously Active Listeners"
  },
  {
    "artistName": "Rex Orange County",
    "segment": "Previously Active Listeners"
  },
  {
    "artistName": "Black Honey",
    "segment": "Previously Active Listeners"
  },
  {
    "artistName": "James Blunt",
    "segment": "Previously Active Listeners"
  },
  {
    "artistName": "Troye Sivan",
    "segment": "Previously Active Listeners"
  },
  {
    "artistName": "Tones And I",
    "segment": "Previously Active Listeners"
  },
  {
    "artistName": "Travie McCoy",
    "segment": "Previously Active Listeners"
  },
  {
    "artistName": "Restless Road",
    "segment": "Moderate listeners"
  },
  {
    "artistName": "Gigamesh",
    "segment": "Previously Active Listeners"
  },
  {
    "artistName": "Harry Styles",
    "segment": "Previously Active Listeners"
  },
  {
    "artistName": "Mary J. Blige",
    "segment": "Previously Active Listeners"
  },
  {
    "artistName": "George Strait",
    "segment": "Previously Active Listeners"
  },
  {
    "artistName": "Billy Ray Cyrus",
    "segment": "Previously Active Listeners"
  },
  {
    "artistName": "Charlie Puth",
    "segment": "Previously Active Listeners"
  },
  {
    "artistName": "T. Oliver Reid",
    "segment": "Previously Active Listeners"
  },
  {
    "artistName": "Carson Wallace",
    "segment": "Light listeners"
  },
  {
    "artistName": "Jordin Sparks",
    "segment": "Previously Active Listeners"
  },
  {
    "artistName": "Zach Gordon",
    "segment": "Previously Active Listeners"
  },
  {
    "artistName": "Jagwar Twin",
    "segment": "Previously Active Listeners"
  },
  {
    "artistName": "Alex & Sierra",
    "segment": "Previously Active Listeners"
  },
  {
    "artistName": "Anderson .Paak",
    "segment": "Previously Active Listeners"
  },
  {
    "artistName": "Dappy",
    "segment": "Previously Active Listeners"
  },
  {
    "artistName": "Frankie Valli",
    "segment": "Previously Active Listeners"
  },
  {
    "artistName": "OneRepublic",
    "segment": "Previously Active Listeners"
  },
  {
    "artistName": "No Doubt",
    "segment": "Previously Active Listeners"
  },
  {
    "artistName": "Kristen Bell",
    "segment": "Previously Active Listeners"
  },
  {
    "artistName": "Erin Kinsey",
    "segment": "Previously Active Listeners"
  },
  {
    "artistName": "Jess Glynne",
    "segment": "Previously Active Listeners"
  },
  {
    "artistName": "Jason Mraz",
    "segment": "Previously Active Listeners"
  },
  {
    "artistName": "Lauren Daigle",
    "segment": "Previously Active Listeners"
  },
  {
    "artistName": "COIN",
    "segment": "Previously Active Listeners"
  },
  {
    "artistName": "Forest Blakk",
    "segment": "Previously Active Listeners"
  },
  {
    "artistName": "The La's",
    "segment": "Previously Active Listeners"
  },
  {
    "artistName": "Dylan Scott",
    "segment": "Light listeners"
  },
  {
    "artistName": "Sugarland",
    "segment": "Previously Active Listeners"
  },
  {
    "artistName": "Omar Apollo",
    "segment": "Previously Active Listeners"
  },
  {
    "artistName": "Scotty McCreery",
    "segment": "Previously Active Listeners"
  },
  {
    "artistName": "John Krause",
    "segment": "Previously Active Listeners"
  },
  {
    "artistName": "Benjamin Diamond",
    "segment": "Previously Active Listeners"
  },
  {
    "artistName": "Gossip",
    "segment": "Previously Active Listeners"
  },
  {
    "artistName": "DURRY",
    "segment": "Previously Active Listeners"
  },
  {
    "artistName": "T-Pain",
    "segment": "Previously Active Listeners"
  },
  {
    "artistName": "Riley Green",
    "segment": "Moderate listeners"
  },
  {
    "artistName": "Tenacious D",
    "segment": "Previously Active Listeners"
  },
  {
    "artistName": "Tom Walker",
    "segment": "Previously Active Listeners"
  },
  {
    "artistName": "Grouper",
    "segment": "Previously Active Listeners"
  },
  {
    "artistName": "Big Mountain",
    "segment": "Previously Active Listeners"
  },
  {
    "artistName": "The xx",
    "segment": "Previously Active Listeners"
  },
  {
    "artistName": "José González",
    "segment": "Previously Active Listeners"
  },
  {
    "artistName": "Kane Brown",
    "segment": "Previously Active Listeners"
  },
  {
    "artistName": "Vincent Neil Emerson",
    "segment": "Previously Active Listeners"
  },
  {
    "artistName": "Kenny Chesney",
    "segment": "Previously Active Listeners"
  },
  {
    "artistName": "Amanda Tenfjord",
    "segment": "Previously Active Listeners"
  },
  {
    "artistName": "Christopher Jackson",
    "segment": "Previously Active Listeners"
  },
  {
    "artistName": "The Goo Goo Dolls",
    "segment": "Previously Active Listeners"
  },
  {
    "artistName": "Ali Gatie",
    "segment": "Previously Active Listeners"
  },
  {
    "artistName": "Liam Payne",
    "segment": "Previously Active Listeners"
  },
  {
    "artistName": "DJ Jazzy Jeff & The Fresh Prince",
    "segment": "Previously Active Listeners"
  },
  {
    "artistName": "Foreigner",
    "segment": "Previously Active Listeners"
  },
  {
    "artistName": "Wheatus",
    "segment": "Previously Active Listeners"
  },
  {
    "artistName": "Lord Huron",
    "segment": "Previously Active Listeners"
  },
  {
    "artistName": "Måneskin",
    "segment": "Previously Active Listeners"
  },
  {
    "artistName": "Sea Girls",
    "segment": "Previously Active Listeners"
  },
  {
    "artistName": "Leslie Odom Jr.",
    "segment": "Previously Active Listeners"
  },
  {
    "artistName": "Childish Gambino",
    "segment": "Previously Active Listeners"
  },
  {
    "artistName": "The Streets",
    "segment": "Previously Active Listeners"
  },
  {
    "artistName": "Sasha Hutchings",
    "segment": "Previously Active Listeners"
  },
  {
    "artistName": "The Weeknd",
    "segment": "Previously Active Listeners"
  },
  {
    "artistName": "Guns N' Roses",
    "segment": "Previously Active Listeners"
  },
  {
    "artistName": "P!nk",
    "segment": "Previously Active Listeners"
  },
  {
    "artistName": "Kendrick Lamar",
    "segment": "Previously Active Listeners"
  },
  {
    "artistName": "Rascal Flatts",
    "segment": "Previously Active Listeners"
  },
  {
    "artistName": "The Band Perry",
    "segment": "Previously Active Listeners"
  },
  {
    "artistName": "TLC",
    "segment": "Previously Active Listeners"
  },
  {
    "artistName": "Steven Buzzcocks",
    "segment": "Previously Active Listeners"
  },
  {
    "artistName": "Lady Gaga",
    "segment": "Previously Active Listeners"
  },
  {
    "artistName": "Imagine Dragons",
    "segment": "Previously Active Listeners"
  },
  {
    "artistName": "Macklemore & Ryan Lewis",
    "segment": "Previously Active Listeners"
  },
  {
    "artistName": "Dalton Dover",
    "segment": "Super Listeners"
  },
  {
    "artistName": "Mychael Danna",
    "segment": "Previously Active Listeners"
  },
  {
    "artistName": "George Ezra",
    "segment": "Previously Active Listeners"
  },
  {
    "artistName": "Vance Joy",
    "segment": "Previously Active Listeners"
  },
  {
    "artistName": "Beck",
    "segment": "Previously Active Listeners"
  },
  {
    "artistName": "Jungle",
    "segment": "Previously Active Listeners"
  },
  {
    "artistName": "Band Aid",
    "segment": "Previously Active Listeners"
  },
  {
    "artistName": "Drake",
    "segment": "Previously Active Listeners"
  },
  {
    "artistName": "Hugo Brijs",
    "segment": "Previously Active Listeners"
  },
  {
    "artistName": "Prince",
    "segment": "Previously Active Listeners"
  },
  {
    "artistName": "Joel Corry",
    "segment": "Previously Active Listeners"
  },
  {
    "artistName": "Greg Lake",
    "segment": "Previously Active Listeners"
  },
  {
    "artistName": "Owl City",
    "segment": "Previously Active Listeners"
  },
  {
    "artistName": "Jennifer Laura Thompson",
    "segment": "Previously Active Listeners"
  },
  {
    "artistName": "Alison Mosshart",
    "segment": "Previously Active Listeners"
  },
  {
    "artistName": "Radiohead",
    "segment": "Previously Active Listeners"
  },
  {
    "artistName": "Bruno Mars",
    "segment": "Previously Active Listeners"
  },
  {
    "artistName": "BANNERS",
    "segment": "Previously Active Listeners"
  },
  {
    "artistName": "Miguel Veloso",
    "segment": "Previously Active Listeners"
  },
  {
    "artistName": "Kelsea Ballerini",
    "segment": "Light listeners"
  },
  {
    "artistName": "Shenandoah",
    "segment": "Light listeners"
  },
  {
    "artistName": "Daveed Diggs",
    "segment": "Previously Active Listeners"
  },
  {
    "artistName": "Sinéad O'Connor",
    "segment": "Previously Active Listeners"
  },
  {
    "artistName": "Jonas Brothers",
    "segment": "Previously Active Listeners"
  },
  {
    "artistName": "Zac Efron",
    "segment": "Previously Active Listeners"
  },
  {
    "artistName": "Emeli Sandé",
    "segment": "Previously Active Listeners"
  },
  {
    "artistName": "Justin Jesso",
    "segment": "Previously Active Listeners"
  },
  {
    "artistName": "Kygo",
    "segment": "Previously Active Listeners"
  },
  {
    "artistName": "Sticky Fingers",
    "segment": "Previously Active Listeners"
  },
  {
    "artistName": "Foo Fighters",
    "segment": "Previously Active Listeners"
  },
  {
    "artistName": "Ashley Kutcher",
    "segment": "Previously Active Listeners"
  },
  {
    "artistName": "Ryan Hurd",
    "segment": "Light listeners"
  },
  {
    "artistName": "Ember Island",
    "segment": "Previously Active Listeners"
  },
  {
    "artistName": "Morgan Evans",
    "segment": "Moderate listeners"
  },
  {
    "artistName": "TELYKAST",
    "segment": "Previously Active Listeners"
  },
  {
    "artistName": "Alan Braxe",
    "segment": "Previously Active Listeners"
  },
  {
    "artistName": "5 Seconds of Summer",
    "segment": "Previously Active Listeners"
  },
  {
    "artistName": "Absofacto",
    "segment": "Previously Active Listeners"
  },
  {
    "artistName": "Stereophonics",
    "segment": "Previously Active Listeners"
  },
  {
    "artistName": "DNCE",
    "segment": "Previously Active Listeners"
  },
  {
    "artistName": "Renée Elise Goldsberry",
    "segment": "Previously Active Listeners"
  },
  {
    "artistName": "Courteeners",
    "segment": "Previously Active Listeners"
  },
  {
    "artistName": "Roger Bart",
    "segment": "Previously Active Listeners"
  },
  {
    "artistName": "Dua Lipa",
    "segment": "Previously Active Listeners"
  },
  {
    "artistName": "Arcane",
    "segment": "Previously Active Listeners"
  },
  {
    "artistName": "Katelyn Brown",
    "segment": "Previously Active Listeners"
  },
  {
    "artistName": "Florida Georgia Line",
    "segment": "Previously Active Listeners"
  },
  {
    "artistName": "Miranda Lambert",
    "segment": "Moderate listeners"
  },
  {
    "artistName": "SWMRS",
    "segment": "Previously Active Listeners"
  },
  {
    "artistName": "Brian Justin Crum",
    "segment": "Previously Active Listeners"
  },
  {
    "artistName": "Dj Krazy Kon",
    "segment": "Previously Active Listeners"
  },
  {
    "artistName": "Peachy!",
    "segment": "Previously Active Listeners"
  },
  {
    "artistName": "Tyler Chambers",
    "segment": "Previously Active Listeners"
  },
  {
    "artistName": "Jimi Hendrix",
    "segment": "Previously Active Listeners"
  },
  {
    "artistName": "Sam Ryder",
    "segment": "Previously Active Listeners"
  },
  {
    "artistName": "Chayce Beckham",
    "segment": "Previously Active Listeners"
  },
  {
    "artistName": "Chris Lane",
    "segment": "Moderate listeners"
  },
  {
    "artistName": "John Newman",
    "segment": "Previously Active Listeners"
  },
  {
    "artistName": "Jasper Leonard",
    "segment": "Previously Active Listeners"
  },
  {
    "artistName": "Kate Bush",
    "segment": "Previously Active Listeners"
  },
  {
    "artistName": "JENNIE",
    "segment": "Previously Active Listeners"
  },
  {
    "artistName": "Capital Cities",
    "segment": "Previously Active Listeners"
  },
  {
    "artistName": "Original Broadway Cast of Dear Evan Hansen",
    "segment": "Previously Active Listeners"
  },
  {
    "artistName": "Journey",
    "segment": "Previously Active Listeners"
  },
  {
    "artistName": "Kino",
    "segment": "Previously Active Listeners"
  },
  {
    "artistName": "Frank Sinatra",
    "segment": "Previously Active Listeners"
  },
  {
    "artistName": "Sam Fischer",
    "segment": "Previously Active Listeners"
  },
  {
    "artistName": "Dan + Shay",
    "segment": "Moderate listeners"
  },
  {
    "artistName": "Original Broadway Cast of Hamilton",
    "segment": "Previously Active Listeners"
  },
  {
    "artistName": "Van Morrison",
    "segment": "Previously Active Listeners"
  },
  {
    "artistName": "Thomas Day",
    "segment": "Previously Active Listeners"
  },
  {
    "artistName": "Matt Hansen",
    "segment": "Previously Active Listeners"
  },
  {
    "artistName": "HIXTAPE",
    "segment": "Previously Active Listeners"
  },
  {
    "artistName": "Willie Nelson",
    "segment": "Previously Active Listeners"
  },
  {
    "artistName": "Gorillaz",
    "segment": "Previously Active Listeners"
  },
  {
    "artistName": "NF",
    "segment": "Previously Active Listeners"
  },
  {
    "artistName": "callmestevieray",
    "segment": "Previously Active Listeners"
  },
  {
    "artistName": "Bon Jovi",
    "segment": "Previously Active Listeners"
  },
  {
    "artistName": "Kasabian",
    "segment": "Previously Active Listeners"
  },
  {
    "artistName": "Junko Ohashi",
    "segment": "Previously Active Listeners"
  },
  {
    "artistName": "Sam Hunt",
    "segment": "Moderate listeners"
  },
  {
    "artistName": "Ben Platt",
    "segment": "Previously Active Listeners"
  },
  {
    "artistName": "Justin Timberlake",
    "segment": "Previously Active Listeners"
  },
  {
    "artistName": "J. Rey Soul",
    "segment": "Previously Active Listeners"
  },
  {
    "artistName": "Tyler Childers",
    "segment": "Light listeners"
  },
  {
    "artistName": "Kings of Leon",
    "segment": "Previously Active Listeners"
  },
  {
    "artistName": "Mike Faist",
    "segment": "Previously Active Listeners"
  },
  {
    "artistName": "BoyWithUke",
    "segment": "Previously Active Listeners"
  },
  {
    "artistName": "HARDY",
    "segment": "Moderate listeners"
  },
  {
    "artistName": "Alec Benjamin",
    "segment": "Previously Active Listeners"
  },
  {
    "artistName": "Pixies",
    "segment": "Previously Active Listeners"
  },
  {
    "artistName": "Mumford & Sons",
    "segment": "Previously Active Listeners"
  },
  {
    "artistName": "The Strumbellas",
    "segment": "Previously Active Listeners"
  },
  {
    "artistName": "Jason Aldean",
    "segment": "Moderate listeners"
  },
  {
    "artistName": "Louane",
    "segment": "Previously Active Listeners"
  },
  {
    "artistName": "Train",
    "segment": "Previously Active Listeners"
  },
  {
    "artistName": "Nathan Dawe",
    "segment": "Previously Active Listeners"
  },
  {
    "artistName": "Mitchell Tenpenny",
    "segment": "Previously Active Listeners"
  },
  {
    "artistName": "Toploader",
    "segment": "Previously Active Listeners"
  },
  {
    "artistName": "Old Dominion",
    "segment": "Previously Active Listeners"
  },
  {
    "artistName": "Viktor Tsoi",
    "segment": "Previously Active Listeners"
  },
  {
    "artistName": "Klô Pelgag",
    "segment": "Previously Active Listeners"
  },
  {
    "artistName": "Gesaffelstein",
    "segment": "Previously Active Listeners"
  },
  {
    "artistName": "Chord Overstreet",
    "segment": "Previously Active Listeners"
  },
  {
    "artistName": "Saint Motel",
    "segment": "Previously Active Listeners"
  },
  {
    "artistName": "Daniel Seavey",
    "segment": "Previously Active Listeners"
  },
  {
    "artistName": "Vistas",
    "segment": "Previously Active Listeners"
  },
  {
    "artistName": "The Chainsmokers",
    "segment": "Previously Active Listeners"
  },
  {
    "artistName": "*NSYNC",
    "segment": "Previously Active Listeners"
  },
  {
    "artistName": "Tinie Tempah",
    "segment": "Previously Active Listeners"
  },
  {
    "artistName": "Charles & Eddie",
    "segment": "Previously Active Listeners"
  },
  {
    "artistName": "Chase Matthew",
    "segment": "Moderate listeners"
  },
  {
    "artistName": "Glass Animals",
    "segment": "Previously Active Listeners"
  },
  {
    "artistName": "Phillipa Soo",
    "segment": "Previously Active Listeners"
  },
  {
    "artistName": "Noah Kahan",
    "segment": "Moderate listeners"
  },
  {
    "artistName": "Carly Rae Jepsen",
    "segment": "Previously Active Listeners"
  },
  {
    "artistName": "Rhys Lewis",
    "segment": "Previously Active Listeners"
  },
  {
    "artistName": "Reeve Carney",
    "segment": "Previously Active Listeners"
  },
  {
    "artistName": "Eagles",
    "segment": "Previously Active Listeners"
  },
  {
    "artistName": "Chris Young",
    "segment": "Previously Active Listeners"
  },
  {
    "artistName": "Khalid",
    "segment": "Previously Active Listeners"
  },
  {
    "artistName": "Calum Scott",
    "segment": "Previously Active Listeners"
  },
  {
    "artistName": "Lionel Richie",
    "segment": "Previously Active Listeners"
  },
  {
    "artistName": "xxtristanxo",
    "segment": "Previously Active Listeners"
  },
  {
    "artistName": "Van McCoy & The Soul City Symphony",
    "segment": "Previously Active Listeners"
  },
  {
    "artistName": "Macklemore & Ryan Lewis",
    "segment": "Previously Active Listeners"
  },
  {
    "artistName": "Labrinth",
    "segment": "Previously Active Listeners"
  },
  {
    "artistName": "Black Eyed Peas",
    "segment": "Previously Active Listeners"
  },
  {
    "artistName": "Giant Rooks",
    "segment": "Previously Active Listeners"
  },
  {
    "artistName": "Avicii",
    "segment": "Previously Active Listeners"
  },
  {
    "artistName": "Tim McGraw",
    "segment": "Previously Active Listeners"
  },
  {
    "artistName": "Arctic Monkeys",
    "segment": "Previously Active Listeners"
  },
  {
    "artistName": "Matoma",
    "segment": "Previously Active Listeners"
  },
  {
    "artistName": "Hadestown Original Broadway Company",
    "segment": "Previously Active Listeners"
  },
  {
    "artistName": "Fugees",
    "segment": "Previously Active Listeners"
  },
  {
    "artistName": "Tate McRae",
    "segment": "Previously Active Listeners"
  },
  {
    "artistName": "Craven Faults",
    "segment": "Previously Active Listeners"
  },
  {
    "artistName": "Lost Frequencies",
    "segment": "Previously Active Listeners"
  },
  {
    "artistName": "Lukas Graham",
    "segment": "Previously Active Listeners"
  },
  {
    "artistName": "The Band CAMINO",
    "segment": "Previously Active Listeners"
  },
  {
    "artistName": "Wiz Khalifa",
    "segment": "Previously Active Listeners"
  },
  {
    "artistName": "AnnenMayKantereit",
    "segment": "Previously Active Listeners"
  },
  {
    "artistName": "gnash",
    "segment": "Previously Active Listeners"
  },
  {
    "artistName": "Nick Jonas",
    "segment": "Previously Active Listeners"
  },
  {
    "artistName": "Jessie J",
    "segment": "Previously Active Listeners"
  },
  {
    "artistName": "8D Tunes",
    "segment": "Previously Active Listeners"
  },
  {
    "artistName": "Gabrielle Aplin",
    "segment": "Previously Active Listeners"
  },
  {
    "artistName": "Justin Bieber",
    "segment": "Previously Active Listeners"
  },
  {
    "artistName": "Interpol",
    "segment": "Previously Active Listeners"
  },
  {
    "artistName": "Charlie Oriain",
    "segment": "Previously Active Listeners"
  },
  {
    "artistName": "Fran Vasilić",
    "segment": "Previously Active Listeners"
  },
  {
    "artistName": "Nico & Vinz",
    "segment": "Previously Active Listeners"
  },
  {
    "artistName": "Christian Leave",
    "segment": "Previously Active Listeners"
  },
  {
    "artistName": "Marshmello",
    "segment": "Previously Active Listeners"
  },
  {
    "artistName": "X Ambassadors",
    "segment": "Previously Active Listeners"
  },
  {
    "artistName": "Depeche Mode",
    "segment": "Previously Active Listeners"
  },
  {
    "artistName": "The Reytons",
    "segment": "Previously Active Listeners"
  },
  {
    "artistName": "J Hus",
    "segment": "Previously Active Listeners"
  },
  {
    "artistName": "hkmori",
    "segment": "Previously Active Listeners"
  },
  {
    "artistName": "Bad Company",
    "segment": "Previously Active Listeners"
  },
  {
    "artistName": "Chris Stapleton",
    "segment": "Moderate listeners"
  },
  {
    "artistName": "Boyce Avenue",
    "segment": "Previously Active Listeners"
  },
  {
    "artistName": "Razorlight",
    "segment": "Previously Active Listeners"
  },
  {
    "artistName": "Niki Randa",
    "segment": "Previously Active Listeners"
  },
  {
    "artistName": "Cody Lee Rose",
    "segment": "Previously Active Listeners"
  },
  {
    "artistName": "Adam Christopher",
    "segment": "Previously Active Listeners"
  },
  {
    "artistName": "Charles Esten",
    "segment": "Previously Active Listeners"
  },
  {
    "artistName": "Steve Lacy",
    "segment": "Previously Active Listeners"
  },
  {
    "artistName": "Matt Stell",
    "segment": "Light listeners"
  },
  {
    "artistName": "Okieriete Onaodowan",
    "segment": "Previously Active Listeners"
  },
  {
    "artistName": "Dasha",
    "segment": "Previously Active Listeners"
  },
  {
    "artistName": "Christina Perri",
    "segment": "Previously Active Listeners"
  },
  {
    "artistName": "George Michael",
    "segment": "Previously Active Listeners"
  },
  {
    "artistName": "Djo",
    "segment": "Previously Active Listeners"
  },
  {
    "artistName": "Keith Urban",
    "segment": "Previously Active Listeners"
  },
  {
    "artistName": "Kid Cudi",
    "segment": "Previously Active Listeners"
  },
  {
    "artistName": "Michael Bublé",
    "segment": "Previously Active Listeners"
  },
  {
    "artistName": "ROLE MODEL",
    "segment": "Previously Active Listeners"
  },
  {
    "artistName": "Anteros",
    "segment": "Previously Active Listeners"
  },
  {
    "artistName": "Hugh Jackman",
    "segment": "Previously Active Listeners"
  },
  {
    "artistName": "Anna Lea",
    "segment": "Previously Active Listeners"
  },
  {
    "artistName": "Madcon",
    "segment": "Previously Active Listeners"
  },
  {
    "artistName": "Felix Jaehn",
    "segment": "Previously Active Listeners"
  },
  {
    "artistName": "Band Aid 20",
    "segment": "Previously Active Listeners"
  },
  {
    "artistName": "Outkast",
    "segment": "Previously Active Listeners"
  },
  {
    "artistName": "Diplo",
    "segment": "Previously Active Listeners"
  },
  {
    "artistName": "Will Cullen",
    "segment": "Previously Active Listeners"
  },
  {
    "artistName": "Frankie Valli & The Four Seasons",
    "segment": "Previously Active Listeners"
  },
  {
    "artistName": "BØRNS",
    "segment": "Previously Active Listeners"
  },
  {
    "artistName": "Paloma Faith",
    "segment": "Previously Active Listeners"
  },
  {
    "artistName": "Anne-Marie",
    "segment": "Previously Active Listeners"
  },
  {
    "artistName": "Alexander 23",
    "segment": "Previously Active Listeners"
  },
  {
    "artistName": "Cast of EPIC: The Musical",
    "segment": "Previously Active Listeners"
  },
  {
    "artistName": "Original Broadway Cast of Hadestown",
    "segment": "Previously Active Listeners"
  },
  {
    "artistName": "A Great Big World",
    "segment": "Previously Active Listeners"
  },
  {
    "artistName": "Stealers Wheel",
    "segment": "Previously Active Listeners"
  },
  {
    "artistName": "Goreshit",
    "segment": "Previously Active Listeners"
  },
  {
    "artistName": "Calvin Harris",
    "segment": "Previously Active Listeners"
  },
  {
    "artistName": "Rag'n'Bone Man",
    "segment": "Previously Active Listeners"
  },
  {
    "artistName": "Passenger",
    "segment": "Previously Active Listeners"
  },
  {
    "artistName": "League of Legends",
    "segment": "Previously Active Listeners"
  },
  {
    "artistName": "Henry Moodie",
    "segment": "Previously Active Listeners"
  },
  {
    "artistName": "NITESHIFT",
    "segment": "Previously Active Listeners"
  },
  {
    "artistName": "Adele",
    "segment": "Previously Active Listeners"
  },
  {
    "artistName": "Timbaland",
    "segment": "Previously Active Listeners"
  },
  {
    "artistName": "Jana Kramer",
    "segment": "Previously Active Listeners"
  },
  {
    "artistName": "Bastille",
    "segment": "Previously Active Listeners"
  },
  {
    "artistName": "Martin Garrix",
    "segment": "Previously Active Listeners"
  },
  {
    "artistName": "Fountains Of Wayne",
    "segment": "Previously Active Listeners"
  },
  {
    "artistName": "The Foundations",
    "segment": "Previously Active Listeners"
  },
  {
    "artistName": "Hailee Steinfeld",
    "segment": "Previously Active Listeners"
  },
  {
    "artistName": "Ms. Lauryn Hill",
    "segment": "Previously Active Listeners"
  },
  {
    "artistName": "Katy B",
    "segment": "Previously Active Listeners"
  },
  {
    "artistName": "Corey Kent",
    "segment": "Moderate listeners"
  },
  {
    "artistName": "Alex Warren",
    "segment": "Previously Active Listeners"
  },
  {
    "artistName": "The War And Treaty",
    "segment": "Moderate listeners"
  },
  {
    "artistName": "Tom Grennan",
    "segment": "Previously Active Listeners"
  },
  {
    "artistName": "Bo Burnham",
    "segment": "Previously Active Listeners"
  },
  {
    "artistName": "Marianas Trench",
    "segment": "Previously Active Listeners"
  },
  {
    "artistName": "Red Hot Chili Peppers",
    "segment": "Previously Active Listeners"
  },
  {
    "artistName": "mxmtoon",
    "segment": "Previously Active Listeners"
  },
  {
    "artistName": "Kurt Hugo Schneider",
    "segment": "Previously Active Listeners"
  },
  {
    "artistName": "M.I.A.",
    "segment": "Previously Active Listeners"
  },
  {
    "artistName": "Sia",
    "segment": "Previously Active Listeners"
  },
  {
    "artistName": "David Guetta",
    "segment": "Previously Active Listeners"
  },
  {
    "artistName": "Luke Bryan",
    "segment": "Moderate listeners"
  },
  {
    "artistName": "Beyoncé",
    "segment": "Previously Active Listeners"
  },
  {
    "artistName": "Camila Cabello",
    "segment": "Previously Active Listeners"
  },
  {
    "artistName": "Daft Punk",
    "segment": "Previously Active Listeners"
  },
  {
    "artistName": "Imogen Heap",
    "segment": "Previously Active Listeners"
  },
  {
    "artistName": "OBOY",
    "segment": "Previously Active Listeners"
  },
  {
    "artistName": "Alan Walker",
    "segment": "Previously Active Listeners"
  },
  {
    "artistName": "MAGIC!",
    "segment": "Previously Active Listeners"
  },
  {
    "artistName": "The Beach Boys",
    "segment": "Previously Active Listeners"
  },
  {
    "artistName": "AJR",
    "segment": "Previously Active Listeners"
  },
  {
    "artistName": "Deep Purple",
    "segment": "Previously Active Listeners"
  },
  {
    "artistName": "Tom Odell",
    "segment": "Previously Active Listeners"
  },
  {
    "artistName": "Matt Schuster",
    "segment": "Moderate listeners"
  },
  {
    "artistName": "Max McNown",
    "segment": "Moderate listeners"
  },
  {
    "artistName": "JVKE",
    "segment": "Previously Active Listeners"
  },
  {
    "artistName": "JP Cooper",
    "segment": "Previously Active Listeners"
  },
  {
    "artistName": "Bad Wolves",
    "segment": "Previously Active Listeners"
  },
  {
    "artistName": "August Kamp",
    "segment": "Previously Active Listeners"
  },
  {
    "artistName": "Portugal. The Man",
    "segment": "Previously Active Listeners"
  },
  {
    "artistName": "Triston Marez",
    "segment": "Previously Active Listeners"
  },
  {
    "artistName": "Carrie Underwood",
    "segment": "Light listeners"
  },
  {
    "artistName": "Myles Smith",
    "segment": "Light listeners"
  },
  {
    "artistName": "Jonas Conner",
    "segment": "Moderate listeners"
  },
  {
    "artistName": "Niall Horan",
    "segment": "Previously Active Listeners"
  },
  {
    "artistName": "Killian Scott",
    "segment": "Previously Active Listeners"
  },
  {
    "artistName": "Lady A",
    "segment": "Previously Active Listeners"
  },
  {
    "artistName": "Backstreet Boys",
    "segment": "Previously Active Listeners"
  },
  {
    "artistName": "Oasis",
    "segment": "Previously Active Listeners"
  },
  {
    "artistName": "blackbear",
    "segment": "Previously Active Listeners"
  },
  {
    "artistName": "Crash Adams",
    "segment": "Previously Active Listeners"
  },
  {
    "artistName": "JP Saxe",
    "segment": "Previously Active Listeners"
  },
  {
    "artistName": "Birdy",
    "segment": "Previously Active Listeners"
  },
  {
    "artistName": "Timothy Hughes",
    "segment": "Previously Active Listeners"
  },
  {
    "artistName": "Pentatonix",
    "segment": "Previously Active Listeners"
  },
  {
    "artistName": "Alan Menken",
    "segment": "Previously Active Listeners"
  },
  {
    "artistName": "Priscilla Block",
    "segment": "Previously Active Listeners"
  },
  {
    "artistName": "James TW",
    "segment": "Previously Active Listeners"
  },
  {
    "artistName": "Ghost Killer Track",
    "segment": "Previously Active Listeners"
  },
  {
    "artistName": "KIRINJI",
    "segment": "Previously Active Listeners"
  },
  {
    "artistName": "Oliver Sim",
    "segment": "Previously Active Listeners"
  },
  {
    "artistName": "Alan Jackson",
    "segment": "Previously Active Listeners"
  },
  {
    "artistName": "Transvision Vamp",
    "segment": "Previously Active Listeners"
  },
  {
    "artistName": "Larkins",
    "segment": "Previously Active Listeners"
  },
  {
    "artistName": "Eminem",
    "segment": "Previously Active Listeners"
  },
  {
    "artistName": "Eric Clapton",
    "segment": "Previously Active Listeners"
  },
  {
    "artistName": "pj frantz",
    "segment": "Previously Active Listeners"
  },
  {
    "artistName": "Zara Larsson",
    "segment": "Previously Active Listeners"
  },
  {
    "artistName": "Andy Grammer",
    "segment": "Previously Active Listeners"
  },
  {
    "artistName": "Lucifer Cast",
    "segment": "Previously Active Listeners"
  },
  {
    "artistName": "Tyler Hubbard",
    "segment": "Previously Active Listeners"
  },
  {
    "artistName": "The Chicks",
    "segment": "Previously Active Listeners"
  },
  {
    "artistName": "Orbital",
    "segment": "Previously Active Listeners"
  }
]