[
  {
    "platform" : "",
    "searchTime" : "2024-11-15T16:38:38.227Z[UTC]",
    "searchQuery" : "walt disc",
    "searchInteractionURIs" : [
    ]
  },
  {
    "platform" : "",
    "searchTime" : "2024-11-15T16:38:38.285Z[UTC]",
    "searchQuery" : "walt disc",
    "searchInteractionURIs" : [
    ]
  },
  {
    "platform" : "IPHONE",
    "searchTime" : "2024-11-15T16:38:38.696Z[UTC]",
    "searchQuery" : "walt disco",
    "searchInteractionURIs" : [
      "spotify:artist:5Id5Ig1KgNJoLjLFskZ18I"
    ]
  },
  {
    "platform" : "IPHONE",
    "searchTime" : "2024-11-20T13:41:14.459Z[UTC]",
    "searchQuery" : "7 summer",
    "searchInteractionURIs" : [
      "spotify:track:4obHzpwGrjoTuZh2DItEMZ"
    ]
  },
  {
    "platform" : "",
    "searchTime" : "2024-11-20T13:42:38.089Z[UTC]",
    "searchQuery" : "the",
    "searchInteractionURIs" : [
    ]
  },
  {
    "platform" : "",
    "searchTime" : "2024-11-20T13:42:38.199Z[UTC]",
    "searchQuery" : "the",
    "searchInteractionURIs" : [
    ]
  },
  {
    "platform" : "IPHONE",
    "searchTime" : "2024-11-20T13:42:43.317Z[UTC]",
    "searchQuery" : "the part l",
    "searchInteractionURIs" : [
      "spotify:track:3v8e2n4bFrAeKRKgy3nha1"
    ]
  },
  {
    "platform" : "IPHONE",
    "searchTime" : "2024-11-21T13:15:43.793Z[UTC]",
    "searchQuery" : "dea ma",
    "searchInteractionURIs" : [
      "spotify:artist:2mjBLM7k51GwUPhN1miEHY"
    ]
  },
  {
    "platform" : "IPHONE",
    "searchTime" : "2024-11-21T15:18:24.497Z[UTC]",
    "searchQuery" : "sade",
    "searchInteractionURIs" : [
      "spotify:artist:47zz7sob9NUcODy0BTDvKx"
    ]
  },
  {
    "platform" : "",
    "searchTime" : "2024-11-21T16:57:06.445Z[UTC]",
    "searchQuery" : "immac",
    "searchInteractionURIs" : [
    ]
  },
  {
    "platform" : "",
    "searchTime" : "2024-11-21T16:57:06.516Z[UTC]",
    "searchQuery" : "immac",
    "searchInteractionURIs" : [
    ]
  },
  {
    "platform" : "",
    "searchTime" : "2024-11-21T16:57:07.798Z[UTC]",
    "searchQuery" : "immacu",
    "searchInteractionURIs" : [
    ]
  },
  {
    "platform" : "",
    "searchTime" : "2024-11-21T16:57:07.858Z[UTC]",
    "searchQuery" : "immacu",
    "searchInteractionURIs" : [
    ]
  },
  {
    "platform" : "IPHONE",
    "searchTime" : "2024-11-21T16:57:09.370Z[UTC]",
    "searchQuery" : "immacul",
    "searchInteractionURIs" : [
      "spotify:album:5MzwGwnO9gkh0z6Nl4FF8h"
    ]
  },
  {
    "platform" : "",
    "searchTime" : "2024-11-21T16:59:44.169Z[UTC]",
    "searchQuery" : "madonn",
    "searchInteractionURIs" : [
    ]
  },
  {
    "platform" : "",
    "searchTime" : "2024-11-21T16:59:44.289Z[UTC]",
    "searchQuery" : "madonn",
    "searchInteractionURIs" : [
    ]
  },
  {
    "platform" : "IPHONE",
    "searchTime" : "2024-11-21T16:59:45.245Z[UTC]",
    "searchQuery" : "madonna",
    "searchInteractionURIs" : [
      "spotify:artist:6tbjWDEIzxoDsBA1FuhfPW"
    ]
  },
  {
    "platform" : "",
    "searchTime" : "2024-11-21T23:54:09.504Z[UTC]",
    "searchQuery" : "gre",
    "searchInteractionURIs" : [
    ]
  },
  {
    "platform" : "",
    "searchTime" : "2024-11-21T23:54:09.507Z[UTC]",
    "searchQuery" : "gree",
    "searchInteractionURIs" : [
    ]
  },
  {
    "platform" : "",
    "searchTime" : "2024-11-21T23:54:09.571Z[UTC]",
    "searchQuery" : "gre",
    "searchInteractionURIs" : [
    ]
  },
  {
    "platform" : "",
    "searchTime" : "2024-11-21T23:54:09.576Z[UTC]",
    "searchQuery" : "gree",
    "searchInteractionURIs" : [
    ]
  },
  {
    "platform" : "IPHONE",
    "searchTime" : "2024-11-21T23:54:11.013Z[UTC]",
    "searchQuery" : "green noise",
    "searchInteractionURIs" : [
      "spotify:playlist:1lBxJhNXtj37fRBuxiRpi6",
      "spotify:episode:1NhUWKcaBrRHhv24VEi52j",
      "spotify:playlist:37i9dQZF1DX4WiXBXnxjSY"
    ]
  },
  {
    "platform" : "IPHONE",
    "searchTime" : "2024-11-22T10:12:55.915Z[UTC]",
    "searchQuery" : "michael ki",
    "searchInteractionURIs" : [
      "spotify:artist:0bzfPKdbXL5ezYW2z3UGQj"
    ]
  },
  {
    "platform" : "IPHONE",
    "searchTime" : "2024-11-22T10:20:04.965Z[UTC]",
    "searchQuery" : "ben ho",
    "searchInteractionURIs" : [
      "spotify:artist:5schNIzWdI9gJ1QRK8SBnc"
    ]
  },
  {
    "platform" : "IPHONE",
    "searchTime" : "2024-11-25T09:14:45.214Z[UTC]",
    "searchQuery" : "sweet dis",
    "searchInteractionURIs" : [
      "spotify:track:1jUkHIMc7UaJQuzWe5Iop2"
    ]
  },
  {
    "platform" : "IPHONE",
    "searchTime" : "2024-11-26T11:54:26.112Z[UTC]",
    "searchQuery" : "meatloaf",
    "searchInteractionURIs" : [
      "spotify:artist:7dnB1wSxbYa8CejeVg98hz"
    ]
  },
  {
    "platform" : "IPHONE",
    "searchTime" : "2024-11-26T11:55:06.871Z[UTC]",
    "searchQuery" : "peel out",
    "searchInteractionURIs" : [
      "spotify:track:0PmL5QrYl4Mmohv6wkgv6r"
    ]
  },
  {
    "platform" : "",
    "searchTime" : "2024-11-26T11:55:45.409Z[UTC]",
    "searchQuery" : "im ",
    "searchInteractionURIs" : [
    ]
  },
  {
    "platform" : "",
    "searchTime" : "2024-11-26T11:55:45.489Z[UTC]",
    "searchQuery" : "im ",
    "searchInteractionURIs" : [
    ]
  },
  {
    "platform" : "",
    "searchTime" : "2024-11-26T11:55:51.451Z[UTC]",
    "searchQuery" : "im gonna love he",
    "searchInteractionURIs" : [
    ]
  },
  {
    "platform" : "",
    "searchTime" : "2024-11-26T11:55:51.487Z[UTC]",
    "searchQuery" : "im gonna love he",
    "searchInteractionURIs" : [
    ]
  },
  {
    "platform" : "IPHONE",
    "searchTime" : "2024-11-26T11:55:52.223Z[UTC]",
    "searchQuery" : "im gonna love her ",
    "searchInteractionURIs" : [
      "spotify:track:7L7q7VmZF9b36RMRg4pWOK"
    ]
  },
  {
    "platform" : "",
    "searchTime" : "2024-11-26T11:56:13.246Z[UTC]",
    "searchQuery" : "everything id ",
    "searchInteractionURIs" : [
    ]
  },
  {
    "platform" : "",
    "searchTime" : "2024-11-26T11:56:13.302Z[UTC]",
    "searchQuery" : "everything id ",
    "searchInteractionURIs" : [
    ]
  },
  {
    "platform" : "",
    "searchTime" : "2024-11-26T11:56:13.312Z[UTC]",
    "searchQuery" : "everything is ",
    "searchInteractionURIs" : [
    ]
  },
  {
    "platform" : "",
    "searchTime" : "2024-11-26T11:56:19.437Z[UTC]",
    "searchQuery" : "everything is perm",
    "searchInteractionURIs" : [
    ]
  },
  {
    "platform" : "",
    "searchTime" : "2024-11-26T11:56:19.502Z[UTC]",
    "searchQuery" : "everything is perm",
    "searchInteractionURIs" : [
    ]
  },
  {
    "platform" : "IPHONE",
    "searchTime" : "2024-11-26T11:56:21.001Z[UTC]",
    "searchQuery" : "everything is permitted",
    "searchInteractionURIs" : [
    ]
  },
  {
    "platform" : "IPHONE",
    "searchTime" : "2024-11-26T11:58:14.572Z[UTC]",
    "searchQuery" : "meat lo",
    "searchInteractionURIs" : [
      "spotify:artist:7dnB1wSxbYa8CejeVg98hz"
    ]
  },
  {
    "platform" : "IPHONE",
    "searchTime" : "2024-11-26T11:58:38.815Z[UTC]",
    "searchQuery" : "dead ringer",
    "searchInteractionURIs" : [
      "spotify:track:42fWVeJE1fcefKhXi6SJSn",
      "spotify:track:42fWVeJE1fcefKhXi6SJSn"
    ]
  },
  {
    "platform" : "",
    "searchTime" : "2024-11-26T12:19:44.391Z[UTC]",
    "searchQuery" : "di",
    "searchInteractionURIs" : [
    ]
  },
  {
    "platform" : "",
    "searchTime" : "2024-11-26T12:19:44.478Z[UTC]",
    "searchQuery" : "di",
    "searchInteractionURIs" : [
    ]
  },
  {
    "platform" : "",
    "searchTime" : "2024-11-26T12:19:45.060Z[UTC]",
    "searchQuery" : "dire ",
    "searchInteractionURIs" : [
    ]
  },
  {
    "platform" : "",
    "searchTime" : "2024-11-26T12:19:45.152Z[UTC]",
    "searchQuery" : "dire ",
    "searchInteractionURIs" : [
    ]
  },
  {
    "platform" : "",
    "searchTime" : "2024-11-26T12:19:48.218Z[UTC]",
    "searchQuery" : "dire straits da",
    "searchInteractionURIs" : [
    ]
  },
  {
    "platform" : "",
    "searchTime" : "2024-11-26T12:19:48.307Z[UTC]",
    "searchQuery" : "dire straits da",
    "searchInteractionURIs" : [
    ]
  },
  {
    "platform" : "IPHONE",
    "searchTime" : "2024-11-26T12:20:01.912Z[UTC]",
    "searchQuery" : "dire straits danceplay",
    "searchInteractionURIs" : [
      "spotify:album:5AQlJzKXlehmjodu1kLDb7"
    ]
  },
  {
    "platform" : "IPHONE",
    "searchTime" : "2024-11-29T19:56:21.982Z[UTC]",
    "searchQuery" : "duran",
    "searchInteractionURIs" : [
      "spotify:artist:0lZoBs4Pzo7R89JM9lxwoT"
    ]
  },
  {
    "platform" : "IPHONE",
    "searchTime" : "2024-11-29T22:32:38.020Z[UTC]",
    "searchQuery" : "gay bar",
    "searchInteractionURIs" : [
      "spotify:track:7G5xEOORkAAUhx6wjTRb26"
    ]
  },
  {
    "platform" : "",
    "searchTime" : "2024-11-30T11:24:39.371Z[UTC]",
    "searchQuery" : "mf",
    "searchInteractionURIs" : [
    ]
  },
  {
    "platform" : "",
    "searchTime" : "2024-11-30T11:24:39.438Z[UTC]",
    "searchQuery" : "mf",
    "searchInteractionURIs" : [
    ]
  },
  {
    "platform" : "IPHONE",
    "searchTime" : "2024-11-30T11:24:40.629Z[UTC]",
    "searchQuery" : "mf doom",
    "searchInteractionURIs" : [
      "spotify:artist:2pAWfrd7WFF3XhVt9GooDL"
    ]
  },
  {
    "platform" : "IPHONE",
    "searchTime" : "2024-11-30T20:10:44.630Z[UTC]",
    "searchQuery" : "home mich",
    "searchInteractionURIs" : [
      "spotify:track:3lyLqIn8mybyEFTs8JJaLf"
    ]
  },
  {
    "platform" : "IPHONE",
    "searchTime" : "2024-11-30T20:33:22.623Z[UTC]",
    "searchQuery" : "headlock",
    "searchInteractionURIs" : [
      "spotify:track:7vTENp2sLS3sPY5z4npYNr"
    ]
  },
  {
    "platform" : "IPHONE",
    "searchTime" : "2024-12-03T20:36:47.444Z[UTC]",
    "searchQuery" : "unpee",
    "searchInteractionURIs" : [
      "spotify:album:4zpN41aGAYPWX3dzE19rH7"
    ]
  },
  {
    "platform" : "IPHONE",
    "searchTime" : "2024-12-03T20:37:23.681Z[UTC]",
    "searchQuery" : "cry baby",
    "searchInteractionURIs" : [
      "spotify:track:1t8uwF2zfqsqy0s4EtWDrS"
    ]
  },
  {
    "platform" : "IPHONE",
    "searchTime" : "2024-12-03T20:37:42.942Z[UTC]",
    "searchQuery" : "cigar",
    "searchInteractionURIs" : [
      "spotify:track:6jHvX8ZnHKC1PnrPMJ0Emt"
    ]
  },
  {
    "platform" : "",
    "searchTime" : "2024-12-05T22:04:59.548Z[UTC]",
    "searchQuery" : "pl",
    "searchInteractionURIs" : [
    ]
  },
  {
    "platform" : "",
    "searchTime" : "2024-12-05T22:04:59.621Z[UTC]",
    "searchQuery" : "pl",
    "searchInteractionURIs" : [
    ]
  },
  {
    "platform" : "IPHONE",
    "searchTime" : "2024-12-05T22:05:01.686Z[UTC]",
    "searchQuery" : "please turn",
    "searchInteractionURIs" : [
      "spotify:track:16QJxLYW4UgUnx2yd4mK45"
    ]
  },
  {
    "platform" : "",
    "searchTime" : "2024-12-07T22:19:20.175Z[UTC]",
    "searchQuery" : "ho",
    "searchInteractionURIs" : [
    ]
  },
  {
    "platform" : "IPHONE_ARM64",
    "searchTime" : "2024-12-07T22:19:20.228Z[UTC]",
    "searchQuery" : "h",
    "searchInteractionURIs" : [
    ]
  },
  {
    "platform" : "",
    "searchTime" : "2024-12-07T22:19:20.247Z[UTC]",
    "searchQuery" : "ho",
    "searchInteractionURIs" : [
    ]
  },
  {
    "platform" : "",
    "searchTime" : "2024-12-07T22:19:20.318Z[UTC]",
    "searchQuery" : "hop",
    "searchInteractionURIs" : [
    ]
  },
  {
    "platform" : "",
    "searchTime" : "2024-12-07T22:19:20.384Z[UTC]",
    "searchQuery" : "hop",
    "searchInteractionURIs" : [
    ]
  },
  {
    "platform" : "",
    "searchTime" : "2024-12-07T22:19:20.477Z[UTC]",
    "searchQuery" : "hopy",
    "searchInteractionURIs" : [
    ]
  },
  {
    "platform" : "",
    "searchTime" : "2024-12-07T22:19:20.545Z[UTC]",
    "searchQuery" : "hopy",
    "searchInteractionURIs" : [
    ]
  },
  {
    "platform" : "",
    "searchTime" : "2024-12-07T22:19:20.645Z[UTC]",
    "searchQuery" : "hopy ",
    "searchInteractionURIs" : [
    ]
  },
  {
    "platform" : "",
    "searchTime" : "2024-12-07T22:19:20.716Z[UTC]",
    "searchQuery" : "hopy ",
    "searchInteractionURIs" : [
    ]
  },
  {
    "platform" : "",
    "searchTime" : "2024-12-07T22:19:20.724Z[UTC]",
    "searchQuery" : "holy ",
    "searchInteractionURIs" : [
    ]
  },
  {
    "platform" : "",
    "searchTime" : "2024-12-07T22:19:20.816Z[UTC]",
    "searchQuery" : "hopy i",
    "searchInteractionURIs" : [
    ]
  },
  {
    "platform" : "",
    "searchTime" : "2024-12-07T22:19:20.860Z[UTC]",
    "searchQuery" : "hopy i",
    "searchInteractionURIs" : [
    ]
  },
  {
    "platform" : "",
    "searchTime" : "2024-12-07T22:19:20.894Z[UTC]",
    "searchQuery" : "hopy is",
    "searchInteractionURIs" : [
    ]
  },
  {
    "platform" : "",
    "searchTime" : "2024-12-07T22:19:20.927Z[UTC]",
    "searchQuery" : "hopy is",
    "searchInteractionURIs" : [
    ]
  },
  {
    "platform" : "",
    "searchTime" : "2024-12-07T22:19:20.968Z[UTC]",
    "searchQuery" : "holy is",
    "searchInteractionURIs" : [
    ]
  },
  {
    "platform" : "",
    "searchTime" : "2024-12-07T22:19:21.117Z[UTC]",
    "searchQuery" : "hopy isl",
    "searchInteractionURIs" : [
    ]
  },
  {
    "platform" : "",
    "searchTime" : "2024-12-07T22:19:21.164Z[UTC]",
    "searchQuery" : "hopy isl",
    "searchInteractionURIs" : [
    ]
  },
  {
    "platform" : "",
    "searchTime" : "2024-12-07T22:19:33.597Z[UTC]",
    "searchQuery" : "li",
    "searchInteractionURIs" : [
    ]
  },
  {
    "platform" : "IPHONE_ARM64",
    "searchTime" : "2024-12-07T22:19:33.630Z[UTC]",
    "searchQuery" : "l",
    "searchInteractionURIs" : [
    ]
  },
  {
    "platform" : "",
    "searchTime" : "2024-12-07T22:19:33.664Z[UTC]",
    "searchQuery" : "li",
    "searchInteractionURIs" : [
    ]
  },
  {
    "platform" : "",
    "searchTime" : "2024-12-07T22:19:33.838Z[UTC]",
    "searchQuery" : "lin",
    "searchInteractionURIs" : [
    ]
  },
  {
    "platform" : "",
    "searchTime" : "2024-12-07T22:19:33.912Z[UTC]",
    "searchQuery" : "lin",
    "searchInteractionURIs" : [
    ]
  },
  {
    "platform" : "",
    "searchTime" : "2024-12-07T22:19:34.045Z[UTC]",
    "searchQuery" : "lind",
    "searchInteractionURIs" : [
    ]
  },
  {
    "platform" : "",
    "searchTime" : "2024-12-07T22:19:34.118Z[UTC]",
    "searchQuery" : "lind",
    "searchInteractionURIs" : [
    ]
  },
  {
    "platform" : "",
    "searchTime" : "2024-12-07T22:19:36.959Z[UTC]",
    "searchQuery" : "linde",
    "searchInteractionURIs" : [
    ]
  },
  {
    "platform" : "",
    "searchTime" : "2024-12-07T22:19:37.065Z[UTC]",
    "searchQuery" : "linde",
    "searchInteractionURIs" : [
    ]
  },
  {
    "platform" : "",
    "searchTime" : "2024-12-07T22:19:37.078Z[UTC]",
    "searchQuery" : "linden",
    "searchInteractionURIs" : [
    ]
  },
  {
    "platform" : "",
    "searchTime" : "2024-12-07T22:19:37.121Z[UTC]",
    "searchQuery" : "linden",
    "searchInteractionURIs" : [
    ]
  },
  {
    "platform" : "",
    "searchTime" : "2024-12-07T22:19:37.737Z[UTC]",
    "searchQuery" : "lindes",
    "searchInteractionURIs" : [
    ]
  },
  {
    "platform" : "",
    "searchTime" : "2024-12-07T22:19:37.832Z[UTC]",
    "searchQuery" : "lindes",
    "searchInteractionURIs" : [
    ]
  },
  {
    "platform" : "IPHONE_ARM64",
    "searchTime" : "2024-12-07T22:19:37.866Z[UTC]",
    "searchQuery" : "linde",
    "searchInteractionURIs" : [
    ]
  },
  {
    "platform" : "",
    "searchTime" : "2024-12-09T05:37:40.221Z[UTC]",
    "searchQuery" : "th",
    "searchInteractionURIs" : [
    ]
  },
  {
    "platform" : "",
    "searchTime" : "2024-12-09T05:37:40.308Z[UTC]",
    "searchQuery" : "th",
    "searchInteractionURIs" : [
    ]
  },
  {
    "platform" : "IPHONE",
    "searchTime" : "2024-12-09T05:37:41.160Z[UTC]",
    "searchQuery" : "theres",
    "searchInteractionURIs" : [
      "spotify:track:7JJmb5XwzOO8jgpou264Ml",
      "spotify:track:7JJmb5XwzOO8jgpou264Ml"
    ]
  },
  {
    "platform" : "IPHONE",
    "searchTime" : "2024-12-09T05:38:01.610Z[UTC]",
    "searchQuery" : "talki",
    "searchInteractionURIs" : [
      "spotify:track:1wVuPmvt6AWvTL5W2GJnzZ"
    ]
  },
  {
    "platform" : "",
    "searchTime" : "2024-12-10T20:27:54.888Z[UTC]",
    "searchQuery" : "jo",
    "searchInteractionURIs" : [
    ]
  },
  {
    "platform" : "",
    "searchTime" : "2024-12-10T20:27:54.960Z[UTC]",
    "searchQuery" : "jo",
    "searchInteractionURIs" : [
    ]
  },
  {
    "platform" : "IPHONE",
    "searchTime" : "2024-12-10T20:27:57.898Z[UTC]",
    "searchQuery" : "jonas conn",
    "searchInteractionURIs" : [
      "spotify:track:3bPVSzCzxrMxheZEhq62Cp",
      "spotify:track:3bPVSzCzxrMxheZEhq62Cp"
    ]
  },
  {
    "platform" : "",
    "searchTime" : "2024-12-10T23:01:40.884Z[UTC]",
    "searchQuery" : "i ",
    "searchInteractionURIs" : [
    ]
  },
  {
    "platform" : "",
    "searchTime" : "2024-12-10T23:01:40.957Z[UTC]",
    "searchQuery" : "i ",
    "searchInteractionURIs" : [
    ]
  },
  {
    "platform" : "IPHONE",
    "searchTime" : "2024-12-10T23:01:42.900Z[UTC]",
    "searchQuery" : "i took a ",
    "searchInteractionURIs" : [
      "spotify:search:i+took+a+pill+in+ibiza"
    ]
  },
  {
    "platform" : "IPHONE",
    "searchTime" : "2024-12-10T23:01:50.736Z[UTC]",
    "searchQuery" : "i took a pill in ibiza",
    "searchInteractionURIs" : [
      "spotify:track:7zzoxJbgjme3366mOp5UnH"
    ]
  },
  {
    "platform" : "",
    "searchTime" : "2024-12-11T11:03:49.804Z[UTC]",
    "searchQuery" : "ac",
    "searchInteractionURIs" : [
    ]
  },
  {
    "platform" : "",
    "searchTime" : "2024-12-11T11:03:49.866Z[UTC]",
    "searchQuery" : "ac",
    "searchInteractionURIs" : [
    ]
  },
  {
    "platform" : "",
    "searchTime" : "2024-12-11T11:03:50.747Z[UTC]",
    "searchQuery" : "acousti",
    "searchInteractionURIs" : [
    ]
  },
  {
    "platform" : "",
    "searchTime" : "2024-12-11T11:03:50.798Z[UTC]",
    "searchQuery" : "acousti",
    "searchInteractionURIs" : [
    ]
  },
  {
    "platform" : "IPHONE",
    "searchTime" : "2024-12-11T11:03:51.443Z[UTC]",
    "searchQuery" : "acoustic",
    "searchInteractionURIs" : [
      "spotify:playlist:5HtOtUIp5aV54nRSZ3DbbG",
      "spotify:playlist:4uf0gphPVNtk4Uu0bxtdGA"
    ]
  },
  {
    "platform" : "IPHONE",
    "searchTime" : "2024-12-11T11:06:17.198Z[UTC]",
    "searchQuery" : "luke combs",
    "searchInteractionURIs" : [
      "spotify:album:02GDaShX8vOw5tcak3OXow"
    ]
  },
  {
    "platform" : "",
    "searchTime" : "2024-12-12T10:11:48.582Z[UTC]",
    "searchQuery" : "the love",
    "searchInteractionURIs" : [
    ]
  },
  {
    "platform" : "",
    "searchTime" : "2024-12-12T10:11:48.654Z[UTC]",
    "searchQuery" : "the love",
    "searchInteractionURIs" : [
    ]
  },
  {
    "platform" : "",
    "searchTime" : "2024-12-12T10:11:51.195Z[UTC]",
    "searchQuery" : "the love you gav",
    "searchInteractionURIs" : [
    ]
  },
  {
    "platform" : "",
    "searchTime" : "2024-12-12T10:11:51.236Z[UTC]",
    "searchQuery" : "the love you gav",
    "searchInteractionURIs" : [
    ]
  },
  {
    "platform" : "IPHONE",
    "searchTime" : "2024-12-12T10:11:54.014Z[UTC]",
    "searchQuery" : "the love you gav",
    "searchInteractionURIs" : [
      "spotify:track:4GNilkZKILsug3l5pdLoxo",
      "spotify:track:4GNilkZKILsug3l5pdLoxo"
    ]
  },
  {
    "platform" : "",
    "searchTime" : "2024-12-12T10:13:41.556Z[UTC]",
    "searchQuery" : "all nigh",
    "searchInteractionURIs" : [
    ]
  },
  {
    "platform" : "",
    "searchTime" : "2024-12-12T10:13:41.619Z[UTC]",
    "searchQuery" : "all nigh",
    "searchInteractionURIs" : [
    ]
  },
  {
    "platform" : "IPHONE",
    "searchTime" : "2024-12-12T10:13:42.766Z[UTC]",
    "searchQuery" : "all night long",
    "searchInteractionURIs" : [
      "spotify:track:1DxT6f6mH7kLriOUWbujup"
    ]
  },
  {
    "platform" : "",
    "searchTime" : "2024-12-13T10:53:08.779Z[UTC]",
    "searchQuery" : "mu",
    "searchInteractionURIs" : [
    ]
  },
  {
    "platform" : "",
    "searchTime" : "2024-12-13T10:53:08.861Z[UTC]",
    "searchQuery" : "mu",
    "searchInteractionURIs" : [
    ]
  },
  {
    "platform" : "IPHONE",
    "searchTime" : "2024-12-13T10:53:13.624Z[UTC]",
    "searchQuery" : "muse ",
    "searchInteractionURIs" : [
      "spotify:artist:12Chz98pHFMPJEknJQMWvI"
    ]
  },
  {
    "platform" : "",
    "searchTime" : "2024-12-13T10:54:22.598Z[UTC]",
    "searchQuery" : "red hot c",
    "searchInteractionURIs" : [
    ]
  },
  {
    "platform" : "",
    "searchTime" : "2024-12-13T10:54:22.659Z[UTC]",
    "searchQuery" : "red hot c",
    "searchInteractionURIs" : [
    ]
  },
  {
    "platform" : "IPHONE",
    "searchTime" : "2024-12-13T10:54:22.972Z[UTC]",
    "searchQuery" : "red hot ch",
    "searchInteractionURIs" : [
      "spotify:artist:0L8ExT028jH3ddEcZwqJJ5"
    ]
  },
  {
    "platform" : "",
    "searchTime" : "2024-12-15T14:03:20.103Z[UTC]",
    "searchQuery" : "foal",
    "searchInteractionURIs" : [
    ]
  },
  {
    "platform" : "",
    "searchTime" : "2024-12-15T14:03:20.175Z[UTC]",
    "searchQuery" : "foal",
    "searchInteractionURIs" : [
    ]
  },
  {
    "platform" : "",
    "searchTime" : "2024-12-15T14:03:20.196Z[UTC]",
    "searchQuery" : "foals",
    "searchInteractionURIs" : [
    ]
  },
  {
    "platform" : "",
    "searchTime" : "2024-12-15T14:03:20.233Z[UTC]",
    "searchQuery" : "foals",
    "searchInteractionURIs" : [
    ]
  },
  {
    "platform" : "IPHONE",
    "searchTime" : "2024-12-15T14:03:21.557Z[UTC]",
    "searchQuery" : "foals",
    "searchInteractionURIs" : [
      "spotify:artist:6FQqZYVfTNQ1pCqfkwVFEa"
    ]
  },
  {
    "platform" : "",
    "searchTime" : "2024-12-15T22:32:26.949Z[UTC]",
    "searchQuery" : "drink a beer mi",
    "searchInteractionURIs" : [
    ]
  },
  {
    "platform" : "",
    "searchTime" : "2024-12-15T22:32:26.983Z[UTC]",
    "searchQuery" : "drink a beer mi",
    "searchInteractionURIs" : [
    ]
  },
  {
    "platform" : "IPHONE",
    "searchTime" : "2024-12-15T22:32:27.327Z[UTC]",
    "searchQuery" : "drink a beer mit",
    "searchInteractionURIs" : [
    ]
  },
  {
    "platform" : "IPHONE",
    "searchTime" : "2024-12-15T22:32:34.676Z[UTC]",
    "searchQuery" : "mitchell",
    "searchInteractionURIs" : [
      "spotify:artist:7Krmuuem34gdIKOXa4m9m2"
    ]
  },
  {
    "platform" : "IPHONE",
    "searchTime" : "2024-12-15T23:54:18.734Z[UTC]",
    "searchQuery" : "father",
    "searchInteractionURIs" : [
      "spotify:track:3Z4QzgjewJHpiZEk2puD4D",
      "spotify:album:02GDaShX8vOw5tcak3OXow"
    ]
  },
  {
    "platform" : "",
    "searchTime" : "2024-12-18T13:16:42.983Z[UTC]",
    "searchQuery" : "marr",
    "searchInteractionURIs" : [
    ]
  },
  {
    "platform" : "",
    "searchTime" : "2024-12-18T13:16:43.085Z[UTC]",
    "searchQuery" : "marr",
    "searchInteractionURIs" : [
    ]
  },
  {
    "platform" : "IPHONE",
    "searchTime" : "2024-12-18T13:16:44.389Z[UTC]",
    "searchQuery" : "marron 5",
    "searchInteractionURIs" : [
      "spotify:artist:04gDigrS5kc9YWfZHwBETP"
    ]
  },
  {
    "platform" : "",
    "searchTime" : "2024-12-18T16:01:18.070Z[UTC]",
    "searchQuery" : "cag",
    "searchInteractionURIs" : [
    ]
  },
  {
    "platform" : "",
    "searchTime" : "2024-12-18T16:01:18.140Z[UTC]",
    "searchQuery" : "cag",
    "searchInteractionURIs" : [
    ]
  },
  {
    "platform" : "IPHONE",
    "searchTime" : "2024-12-18T16:01:19.195Z[UTC]",
    "searchQuery" : "cage the",
    "searchInteractionURIs" : [
      "spotify:artist:26T3LtbuGT1Fu9m0eRq5X3"
    ]
  },
  {
    "platform" : "",
    "searchTime" : "2024-12-20T08:38:56.968Z[UTC]",
    "searchQuery" : "br",
    "searchInteractionURIs" : [
    ]
  },
  {
    "platform" : "",
    "searchTime" : "2024-12-20T08:38:57.037Z[UTC]",
    "searchQuery" : "br",
    "searchInteractionURIs" : [
    ]
  },
  {
    "platform" : "",
    "searchTime" : "2024-12-20T08:38:58.649Z[UTC]",
    "searchQuery" : "brother coun",
    "searchInteractionURIs" : [
    ]
  },
  {
    "platform" : "",
    "searchTime" : "2024-12-20T08:38:58.673Z[UTC]",
    "searchQuery" : "brother coun",
    "searchInteractionURIs" : [
    ]
  },
  {
    "platform" : "",
    "searchTime" : "2024-12-20T08:39:03.745Z[UTC]",
    "searchQuery" : "brother country s",
    "searchInteractionURIs" : [
    ]
  },
  {
    "platform" : "",
    "searchTime" : "2024-12-20T08:39:03.753Z[UTC]",
    "searchQuery" : "brother country s",
    "searchInteractionURIs" : [
    ]
  },
  {
    "platform" : "IPHONE",
    "searchTime" : "2024-12-20T08:39:05.081Z[UTC]",
    "searchQuery" : "brother country somgs",
    "searchInteractionURIs" : [
      "spotify:playlist:0QclPzAZsw2Vz67jYPMaH9",
      "spotify:playlist:6TCgkDFSqXazKZLCGazGKE"
    ]
  },
  {
    "platform" : "IPHONE",
    "searchTime" : "2024-12-20T18:32:23.012Z[UTC]",
    "searchQuery" : "freez",
    "searchInteractionURIs" : [
      "spotify:track:7Cctma5cPR71xUSCAxlY07"
    ]
  },
  {
    "platform" : "",
    "searchTime" : "2024-12-21T14:15:07.079Z[UTC]",
    "searchQuery" : "excus",
    "searchInteractionURIs" : [
    ]
  },
  {
    "platform" : "",
    "searchTime" : "2024-12-21T14:15:07.135Z[UTC]",
    "searchQuery" : "excus",
    "searchInteractionURIs" : [
    ]
  },
  {
    "platform" : "IPHONE",
    "searchTime" : "2024-12-21T14:15:07.829Z[UTC]",
    "searchQuery" : "excuse me",
    "searchInteractionURIs" : [
    ]
  },
  {
    "platform" : "IPHONE_ARM64",
    "searchTime" : "2024-12-22T16:47:42.644Z[UTC]",
    "searchQuery" : "sturgil",
    "searchInteractionURIs" : [
    ]
  },
  {
    "platform" : "IPHONE",
    "searchTime" : "2024-12-22T16:47:43.214Z[UTC]",
    "searchQuery" : "sturgill",
    "searchInteractionURIs" : [
      "spotify:artist:3vDpQbGnzRbRVirXlfQagB"
    ]
  },
  {
    "platform" : "",
    "searchTime" : "2024-12-22T17:00:15.995Z[UTC]",
    "searchQuery" : "1553",
    "searchInteractionURIs" : [
    ]
  },
  {
    "platform" : "",
    "searchTime" : "2024-12-22T17:00:16.053Z[UTC]",
    "searchQuery" : "1553",
    "searchInteractionURIs" : [
    ]
  },
  {
    "platform" : "IPHONE",
    "searchTime" : "2024-12-22T17:00:16.852Z[UTC]",
    "searchQuery" : "15534",
    "searchInteractionURIs" : [
      "spotify:track:0tSepSJ9R6LyjiDBOjwCir"
    ]
  },
  {
    "platform" : "IPHONE",
    "searchTime" : "2024-12-22T17:00:38.453Z[UTC]",
    "searchQuery" : "anybody can ",
    "searchInteractionURIs" : [
      "spotify:track:2uTvkHhMvrwZZmEDWfxCmn"
    ]
  },
  {
    "platform" : "IPHONE",
    "searchTime" : "2024-12-22T17:01:08.173Z[UTC]",
    "searchQuery" : "fine night gore",
    "searchInteractionURIs" : [
      "spotify:track:6UeUyaI0Mg6YVrleDiUzdG"
    ]
  },
  {
    "platform" : "IPHONE",
    "searchTime" : "2024-12-22T17:01:54.899Z[UTC]",
    "searchQuery" : "yama mayo",
    "searchInteractionURIs" : [
      "spotify:track:3honlRG0yl1ZLqv9HWu16o"
    ]
  },
  {
    "platform" : "",
    "searchTime" : "2024-12-25T09:42:11.427Z[UTC]",
    "searchQuery" : "ch",
    "searchInteractionURIs" : [
    ]
  },
  {
    "platform" : "",
    "searchTime" : "2024-12-25T09:42:11.483Z[UTC]",
    "searchQuery" : "ch",
    "searchInteractionURIs" : [
    ]
  },
  {
    "platform" : "IPHONE_ARM64",
    "searchTime" : "2024-12-25T09:42:11.724Z[UTC]",
    "searchQuery" : "chr",
    "searchInteractionURIs" : [
    ]
  },
  {
    "platform" : "",
    "searchTime" : "2024-12-25T09:42:12.143Z[UTC]",
    "searchQuery" : "christma",
    "searchInteractionURIs" : [
    ]
  },
  {
    "platform" : "",
    "searchTime" : "2024-12-25T09:42:12.200Z[UTC]",
    "searchQuery" : "christma",
    "searchInteractionURIs" : [
    ]
  },
  {
    "platform" : "",
    "searchTime" : "2024-12-25T09:42:12.204Z[UTC]",
    "searchQuery" : "christmas",
    "searchInteractionURIs" : [
    ]
  },
  {
    "platform" : "",
    "searchTime" : "2024-12-25T09:42:12.261Z[UTC]",
    "searchQuery" : "christmas",
    "searchInteractionURIs" : [
    ]
  },
  {
    "platform" : "",
    "searchTime" : "2024-12-25T09:42:12.313Z[UTC]",
    "searchQuery" : "christmas",
    "searchInteractionURIs" : [
    ]
  },
  {
    "platform" : "",
    "searchTime" : "2024-12-25T09:42:12.847Z[UTC]",
    "searchQuery" : "christmas c",
    "searchInteractionURIs" : [
    ]
  },
  {
    "platform" : "",
    "searchTime" : "2024-12-25T09:42:12.919Z[UTC]",
    "searchQuery" : "christmas c",
    "searchInteractionURIs" : [
    ]
  },
  {
    "platform" : "IPHONE",
    "searchTime" : "2024-12-25T09:42:13.244Z[UTC]",
    "searchQuery" : "christmas co",
    "searchInteractionURIs" : [
      "spotify:playlist:37i9dQZF1DX0MuOvUqmxDz"
    ]
  },
  {
    "platform" : "",
    "searchTime" : "2024-12-25T10:14:02.538Z[UTC]",
    "searchQuery" : "christmas",
    "searchInteractionURIs" : [
    ]
  },
  {
    "platform" : "",
    "searchTime" : "2024-12-25T10:14:02.941Z[UTC]",
    "searchQuery" : "christmas",
    "searchInteractionURIs" : [
    ]
  },
  {
    "platform" : "IPHONE",
    "searchTime" : "2024-12-26T12:52:13.744Z[UTC]",
    "searchQuery" : "hell ",
    "searchInteractionURIs" : [
      "spotify:track:6hCei3LDTNFZ5y0o30WjjN"
    ]
  },
  {
    "platform" : "",
    "searchTime" : "2024-12-27T18:14:21.180Z[UTC]",
    "searchQuery" : "lik",
    "searchInteractionURIs" : [
    ]
  },
  {
    "platform" : "",
    "searchTime" : "2024-12-27T18:14:21.258Z[UTC]",
    "searchQuery" : "lik",
    "searchInteractionURIs" : [
    ]
  },
  {
    "platform" : "IPHONE",
    "searchTime" : "2024-12-27T18:14:23.472Z[UTC]",
    "searchQuery" : "like ",
    "searchInteractionURIs" : [
      "spotify:track:3T6MAweakkNrMYs8jZIWtg"
    ]
  },
  {
    "platform" : "",
    "searchTime" : "2024-12-28T18:23:37.147Z[UTC]",
    "searchQuery" : "august 24",
    "searchInteractionURIs" : [
    ]
  },
  {
    "platform" : "",
    "searchTime" : "2024-12-28T18:23:53.247Z[UTC]",
    "searchQuery" : "august 24",
    "searchInteractionURIs" : [
    ]
  },
  {
    "platform" : "",
    "searchTime" : "2025-01-03T14:22:33.718Z[UTC]",
    "searchQuery" : "the",
    "searchInteractionURIs" : [
    ]
  },
  {
    "platform" : "",
    "searchTime" : "2025-01-03T14:22:33.779Z[UTC]",
    "searchQuery" : "the",
    "searchInteractionURIs" : [
    ]
  },
  {
    "platform" : "IPHONE",
    "searchTime" : "2025-01-03T14:22:35.633Z[UTC]",
    "searchQuery" : "the greatest ",
    "searchInteractionURIs" : [
      "spotify:album:7ayBZIe1FHkNv0T5xFCX6F"
    ]
  },
  {
    "platform" : "",
    "searchTime" : "2025-01-03T18:48:51.273Z[UTC]",
    "searchQuery" : "zak country",
    "searchInteractionURIs" : [
    ]
  },
  {
    "platform" : "",
    "searchTime" : "2025-01-03T18:48:55.735Z[UTC]",
    "searchQuery" : "This Is Zach Bryan*",
    "searchInteractionURIs" : [
    ]
  },
  {
    "platform" : "IPHONE_ARM64",
    "searchTime" : "2025-01-03T18:48:56.077Z[UTC]",
    "searchQuery" : "This Is Zach Bryan*",
    "searchInteractionURIs" : [
    ]
  },
  {
    "platform" : "",
    "searchTime" : "2025-01-03T18:49:27.349Z[UTC]",
    "searchQuery" : "country",
    "searchInteractionURIs" : [
    ]
  },
  {
    "platform" : "IPHONE_ARM64",
    "searchTime" : "2025-01-03T18:49:31.214Z[UTC]",
    "searchQuery" : "Country Mix*",
    "searchInteractionURIs" : [
    ]
  },
  {
    "platform" : "IPHONE_ARM64",
    "searchTime" : "2025-01-03T18:49:31.374Z[UTC]",
    "searchQuery" : "Country Mix*",
    "searchInteractionURIs" : [
    ]
  },
  {
    "platform" : "",
    "searchTime" : "2025-01-04T11:20:24.961Z[UTC]",
    "searchQuery" : "s",
    "searchInteractionURIs" : [
    ]
  },
  {
    "platform" : "",
    "searchTime" : "2025-01-04T11:20:25.041Z[UTC]",
    "searchQuery" : "s",
    "searchInteractionURIs" : [
    ]
  },
  {
    "platform" : "",
    "searchTime" : "2025-01-04T11:20:25.141Z[UTC]",
    "searchQuery" : "sl",
    "searchInteractionURIs" : [
    ]
  },
  {
    "platform" : "",
    "searchTime" : "2025-01-04T11:20:25.148Z[UTC]",
    "searchQuery" : "slo",
    "searchInteractionURIs" : [
    ]
  },
  {
    "platform" : "",
    "searchTime" : "2025-01-04T11:20:25.201Z[UTC]",
    "searchQuery" : "sl",
    "searchInteractionURIs" : [
    ]
  },
  {
    "platform" : "",
    "searchTime" : "2025-01-04T11:20:25.210Z[UTC]",
    "searchQuery" : "slo",
    "searchInteractionURIs" : [
    ]
  },
  {
    "platform" : "",
    "searchTime" : "2025-01-04T11:20:25.249Z[UTC]",
    "searchQuery" : "slowd",
    "searchInteractionURIs" : [
    ]
  },
  {
    "platform" : "",
    "searchTime" : "2025-01-04T11:20:25.283Z[UTC]",
    "searchQuery" : "slowd",
    "searchInteractionURIs" : [
    ]
  },
  {
    "platform" : "IPHONE",
    "searchTime" : "2025-01-04T11:20:26.285Z[UTC]",
    "searchQuery" : "slowdive",
    "searchInteractionURIs" : [
      "spotify:artist:72X6FHxaShda0XeQw3vbeF"
    ]
  },
  {
    "platform" : "",
    "searchTime" : "2025-01-05T20:47:40.201Z[UTC]",
    "searchQuery" : "Worst Way*",
    "searchInteractionURIs" : [
    ]
  },
  {
    "platform" : "",
    "searchTime" : "2025-01-05T20:47:40.495Z[UTC]",
    "searchQuery" : "Worst Way*",
    "searchInteractionURIs" : [
    ]
  },
  {
    "platform" : "",
    "searchTime" : "2025-01-06T17:47:07.719Z[UTC]",
    "searchQuery" : "bel",
    "searchInteractionURIs" : [
    ]
  },
  {
    "platform" : "",
    "searchTime" : "2025-01-06T17:47:07.776Z[UTC]",
    "searchQuery" : "bel",
    "searchInteractionURIs" : [
    ]
  },
  {
    "platform" : "IPHONE",
    "searchTime" : "2025-01-06T17:47:10.666Z[UTC]",
    "searchQuery" : "belting country",
    "searchInteractionURIs" : [
      "spotify:playlist:4UFtKCpXjQtzATBDgKTdH7"
    ]
  },
  {
    "platform" : "",
    "searchTime" : "2025-01-08T18:26:19.805Z[UTC]",
    "searchQuery" : "b",
    "searchInteractionURIs" : [
    ]
  },
  {
    "platform" : "",
    "searchTime" : "2025-01-08T18:26:19.884Z[UTC]",
    "searchQuery" : "b",
    "searchInteractionURIs" : [
    ]
  },
  {
    "platform" : "",
    "searchTime" : "2025-01-08T18:26:20.145Z[UTC]",
    "searchQuery" : "ball",
    "searchInteractionURIs" : [
    ]
  },
  {
    "platform" : "",
    "searchTime" : "2025-01-08T18:26:20.214Z[UTC]",
    "searchQuery" : "ball",
    "searchInteractionURIs" : [
    ]
  },
  {
    "platform" : "IPHONE",
    "searchTime" : "2025-01-08T18:26:21.050Z[UTC]",
    "searchQuery" : "ballad",
    "searchInteractionURIs" : [
      "spotify:playlist:37i9dQZF1DX3xgbKZSVZNH"
    ]
  },
  {
    "platform" : "",
    "searchTime" : "2025-01-08T18:26:49.473Z[UTC]",
    "searchQuery" : "fee my lov",
    "searchInteractionURIs" : [
    ]
  },
  {
    "platform" : "",
    "searchTime" : "2025-01-08T18:26:49.504Z[UTC]",
    "searchQuery" : "fee my lov",
    "searchInteractionURIs" : [
    ]
  },
  {
    "platform" : "",
    "searchTime" : "2025-01-08T18:26:49.512Z[UTC]",
    "searchQuery" : "feel my lov",
    "searchInteractionURIs" : [
    ]
  },
  {
    "platform" : "IPHONE",
    "searchTime" : "2025-01-08T18:26:53.238Z[UTC]",
    "searchQuery" : "feel my love",
    "searchInteractionURIs" : [
      "spotify:track:273QnyCvJB65rScHJ1nPZb"
    ]
  },
  {
    "platform" : "",
    "searchTime" : "2025-01-09T18:55:32.454Z[UTC]",
    "searchQuery" : "indi",
    "searchInteractionURIs" : [
    ]
  },
  {
    "platform" : "",
    "searchTime" : "2025-01-09T18:55:32.508Z[UTC]",
    "searchQuery" : "indi",
    "searchInteractionURIs" : [
    ]
  },
  {
    "platform" : "IPHONE",
    "searchTime" : "2025-01-09T18:55:32.909Z[UTC]",
    "searchQuery" : "indigo",
    "searchInteractionURIs" : [
      "spotify:track:39wvq91YJYE15lqyQN83YP",
      "spotify:track:39wvq91YJYE15lqyQN83YP"
    ]
  },
  {
    "platform" : "IPHONE_ARM64",
    "searchTime" : "2025-01-10T09:49:50.553Z[UTC]",
    "searchQuery" : "m",
    "searchInteractionURIs" : [
    ]
  },
  {
    "platform" : "IPHONE",
    "searchTime" : "2025-01-10T09:49:52.674Z[UTC]",
    "searchQuery" : "mac miler",
    "searchInteractionURIs" : [
      "spotify:artist:4LLpKhyESsyAXpc4laK94U"
    ]
  },
  {
    "platform" : "",
    "searchTime" : "2025-01-14T11:16:40.422Z[UTC]",
    "searchQuery" : "o",
    "searchInteractionURIs" : [
    ]
  },
  {
    "platform" : "",
    "searchTime" : "2025-01-14T11:16:40.477Z[UTC]",
    "searchQuery" : "o",
    "searchInteractionURIs" : [
    ]
  },
  {
    "platform" : "IPHONE",
    "searchTime" : "2025-01-14T11:16:42.839Z[UTC]",
    "searchQuery" : "olly murs i",
    "searchInteractionURIs" : [
      "spotify:album:2OvZ8JCShhvxNkptwoGjve",
      "spotify:track:3CZCFPO7Q3MPXWvRsAhG3g"
    ]
  },
  {
    "platform" : "",
    "searchTime" : "2025-01-14T12:14:48.134Z[UTC]",
    "searchQuery" : "olly murs i",
    "searchInteractionURIs" : [
    ]
  },
  {
    "platform" : "",
    "searchTime" : "2025-01-14T12:14:48.189Z[UTC]",
    "searchQuery" : "olly murs i",
    "searchInteractionURIs" : [
    ]
  },
  {
    "platform" : "",
    "searchTime" : "2025-01-15T16:31:54.748Z[UTC]",
    "searchQuery" : "swim",
    "searchInteractionURIs" : [
    ]
  },
  {
    "platform" : "",
    "searchTime" : "2025-01-15T16:31:54.812Z[UTC]",
    "searchQuery" : "swim",
    "searchInteractionURIs" : [
    ]
  },
  {
    "platform" : "IPHONE",
    "searchTime" : "2025-01-15T16:31:58.578Z[UTC]",
    "searchQuery" : "swimming",
    "searchInteractionURIs" : [
      "spotify:album:5wtE5aLX5r7jOosmPhJhhk"
    ]
  },
  {
    "platform" : "IPHONE",
    "searchTime" : "2025-01-21T10:22:34.657Z[UTC]",
    "searchQuery" : "the mari",
    "searchInteractionURIs" : [
      "spotify:artist:2sSGPbdZJkaSE2AbcGOACx"
    ]
  },
  {
    "platform" : "",
    "searchTime" : "2025-01-22T10:36:56.927Z[UTC]",
    "searchQuery" : "fr",
    "searchInteractionURIs" : [
    ]
  },
  {
    "platform" : "",
    "searchTime" : "2025-01-22T10:36:56.997Z[UTC]",
    "searchQuery" : "fr",
    "searchInteractionURIs" : [
    ]
  },
  {
    "platform" : "IPHONE",
    "searchTime" : "2025-01-22T10:36:57.719Z[UTC]",
    "searchQuery" : "front",
    "searchInteractionURIs" : [
      "spotify:track:5Xtm6aizhemUZMdjvLImeK"
    ]
  },
  {
    "platform" : "",
    "searchTime" : "2025-01-29T14:04:57.692Z[UTC]",
    "searchQuery" : "blue",
    "searchInteractionURIs" : [
    ]
  },
  {
    "platform" : "",
    "searchTime" : "2025-01-29T14:04:57.757Z[UTC]",
    "searchQuery" : "blue",
    "searchInteractionURIs" : [
    ]
  },
  {
    "platform" : "IPHONE",
    "searchTime" : "2025-01-29T14:04:58.663Z[UTC]",
    "searchQuery" : "blue je",
    "searchInteractionURIs" : [
      "spotify:track:3yDi4w5cuQQEpQXrozMW2B"
    ]
  },
  {
    "platform" : "",
    "searchTime" : "2025-01-29T14:05:17.463Z[UTC]",
    "searchQuery" : "the p",
    "searchInteractionURIs" : [
    ]
  },
  {
    "platform" : "",
    "searchTime" : "2025-01-29T14:05:17.520Z[UTC]",
    "searchQuery" : "the p",
    "searchInteractionURIs" : [
    ]
  },
  {
    "platform" : "",
    "searchTime" : "2025-01-29T14:05:18.042Z[UTC]",
    "searchQuery" : "the probl",
    "searchInteractionURIs" : [
    ]
  },
  {
    "platform" : "",
    "searchTime" : "2025-01-29T14:05:18.100Z[UTC]",
    "searchQuery" : "the probl",
    "searchInteractionURIs" : [
    ]
  },
  {
    "platform" : "IPHONE",
    "searchTime" : "2025-01-29T14:05:18.577Z[UTC]",
    "searchQuery" : "the problem",
    "searchInteractionURIs" : [
      "spotify:playlist:2TmUciwdkLdOYirEEQRbqY"
    ]
  },
  {
    "platform" : "",
    "searchTime" : "2025-01-31T13:02:18.670Z[UTC]",
    "searchQuery" : "you",
    "searchInteractionURIs" : [
    ]
  },
  {
    "platform" : "",
    "searchTime" : "2025-01-31T13:02:18.750Z[UTC]",
    "searchQuery" : "you",
    "searchInteractionURIs" : [
    ]
  },
  {
    "platform" : "",
    "searchTime" : "2025-01-31T13:02:19.222Z[UTC]",
    "searchQuery" : "you ke",
    "searchInteractionURIs" : [
    ]
  },
  {
    "platform" : "",
    "searchTime" : "2025-01-31T13:02:19.287Z[UTC]",
    "searchQuery" : "you ke",
    "searchInteractionURIs" : [
    ]
  },
  {
    "platform" : "",
    "searchTime" : "2025-01-31T13:02:20.825Z[UTC]",
    "searchQuery" : "you keep lov",
    "searchInteractionURIs" : [
    ]
  },
  {
    "platform" : "",
    "searchTime" : "2025-01-31T13:02:20.885Z[UTC]",
    "searchQuery" : "you keep lov",
    "searchInteractionURIs" : [
    ]
  },
  {
    "platform" : "IPHONE",
    "searchTime" : "2025-01-31T13:02:22.124Z[UTC]",
    "searchQuery" : "you keep loving me",
    "searchInteractionURIs" : [
    ]
  },
  {
    "platform" : "IPHONE",
    "searchTime" : "2025-01-31T13:02:36.015Z[UTC]",
    "searchQuery" : "im the pro",
    "searchInteractionURIs" : [
      "spotify:track:3HlWVKwU0JqJXqJK9DWHnZ",
      "spotify:track:3HlWVKwU0JqJXqJK9DWHnZ"
    ]
  },
  {
    "platform" : "",
    "searchTime" : "2025-01-31T13:18:43.289Z[UTC]",
    "searchQuery" : "te",
    "searchInteractionURIs" : [
    ]
  },
  {
    "platform" : "",
    "searchTime" : "2025-01-31T13:18:43.350Z[UTC]",
    "searchQuery" : "te",
    "searchInteractionURIs" : [
    ]
  },
  {
    "platform" : "IPHONE",
    "searchTime" : "2025-01-31T13:18:44.075Z[UTC]",
    "searchQuery" : "tenn",
    "searchInteractionURIs" : [
      "spotify:track:3fl4zil6HJ0N1FL3YIRwdC"
    ]
  },
  {
    "platform" : "",
    "searchTime" : "2025-02-01T18:27:49.266Z[UTC]",
    "searchQuery" : "built",
    "searchInteractionURIs" : [
    ]
  },
  {
    "platform" : "",
    "searchTime" : "2025-02-01T18:27:49.322Z[UTC]",
    "searchQuery" : "built",
    "searchInteractionURIs" : [
    ]
  },
  {
    "platform" : "IPHONE",
    "searchTime" : "2025-02-01T18:27:51.107Z[UTC]",
    "searchQuery" : "built this city",
    "searchInteractionURIs" : [
    ]
  },
  {
    "platform" : "",
    "searchTime" : "2025-02-05T20:24:27.600Z[UTC]",
    "searchQuery" : "luke ",
    "searchInteractionURIs" : [
    ]
  },
  {
    "platform" : "",
    "searchTime" : "2025-02-05T20:24:27.665Z[UTC]",
    "searchQuery" : "luke ",
    "searchInteractionURIs" : [
    ]
  },
  {
    "platform" : "IPHONE",
    "searchTime" : "2025-02-05T20:24:28.562Z[UTC]",
    "searchQuery" : "luke combs",
    "searchInteractionURIs" : [
      "spotify:artist:718COspgdWOnwOFpJHRZHS"
    ]
  },
  {
    "platform" : "",
    "searchTime" : "2025-02-08T17:32:28.577Z[UTC]",
    "searchQuery" : "Moody Mix*",
    "searchInteractionURIs" : [
    ]
  },
  {
    "platform" : "",
    "searchTime" : "2025-02-08T17:32:28.878Z[UTC]",
    "searchQuery" : "Moody Mix*",
    "searchInteractionURIs" : [
    ]
  }
]