[
  {
    "endTime" : "2024-09-13 16:54",
    "podcastName" : "Countdown To",
    "episodeName" : "Jelly Roll: Countdown To Beautifully Broken (with mgk)",
    "msPlayed" : 0
  },
  {
    "endTime" : "2024-12-01 10:41",
    "podcastName" : "LADbible Stories",
    "episodeName" : "How America & Britain Train World’s Toughest Soldiers ",
    "msPlayed" : 0
  },
  {
    "endTime" : "2025-01-08 00:42",
    "podcastName" : "Billions Club: The Series",
    "episodeName" : "Billions Club Live with The Weeknd: A Concert Film",
    "msPlayed" : 916
  },
  {
    "endTime" : "2025-01-08 00:42",
    "podcastName" : "Billions Club: The Series",
    "episodeName" : "Billions Club Live with The Weeknd: A Concert Film",
    "msPlayed" : 14004
  },
  {
    "endTime" : "2025-01-08 10:15",
    "podcastName" : "Billions Club: The Series",
    "episodeName" : "Billions Club Live with The Weeknd: A Concert Film",
    "msPlayed" : 14211
  },
  {
    "endTime" : "2025-01-08 11:55",
    "podcastName" : "Billions Club: The Series",
    "episodeName" : "Billions Club Live with The Weeknd: A Concert Film",
    "msPlayed" : 0
  },
  {
    "endTime" : "2025-01-08 16:12",
    "podcastName" : "Billions Club: The Series",
    "episodeName" : "Billions Club Live with The Weeknd: A Concert Film",
    "msPlayed" : 0
  },
  {
    "endTime" : "2025-01-08 16:12",
    "podcastName" : "Billions Club: The Series",
    "episodeName" : "Billions Club Live with The Weeknd: A Concert Film",
    "msPlayed" : 442
  },
  {
    "endTime" : "2025-01-13 06:45",
    "podcastName" : "Billions Club: The Series",
    "episodeName" : "Billions Club Live with The Weeknd: A Concert Film",
    "msPlayed" : 263
  }
]