{
  "topArtists": {
    "numUniqueArtists": 1231,
    "topArtists": [
      {
        "artistUri": "spotify:artist:4oUHIQIBe0LHzYfvXNW4QM"
      },
      {
        "artistUri": "spotify:artist:77kULmXAQ6vWer7IIHdGzI"
      },
      {
        "artistUri": "spotify:artist:718COspgdWOnwOFpJHRZHS"
      },
      {
        "artistUri": "spotify:artist:33qOK5uJ8AR2xuQQAhHump"
      },
      {
        "artistUri": "spotify:artist:0du5cEVh5yTK9QJze8zA0C"
      }
    ],
    "topArtistMilliseconds": 112750977,
    "topArtistFanPercentage": 0.013759647
  },
  "topTracks": {
    "topTracks": [
      "spotify:track:0mflMxspEfB0VbI1kyLiAv",
      "spotify:track:3dCZm5HrG0jIXAHfNkg2H0",
      "spotify:track:3xkHsmpQCBMytMJNiDf3Ii",
      "spotify:track:4AFwnrH5atiJoAd5xS5QtR",
      "spotify:track:6foY66mWZN0pSRjZ408c00"
    ],
    "topTrackPlayCount": 75,
    "topTrackFirstPlayedDate": "2024-01-03",
    "distinctTracksPlayed": 2790
  },
  "yearlyMetrics": {
    "totalMsListened": 2324039200,
    "mostListenedDay": "2024-03-05",
    "mostListenedDayMinutes": 420.42932,
    "percentGreaterThanWorldwideUsers": 92.689255
  },
  "musicEvolution": {
    "eras": [
      {
        "key": "0",
        "peakMonth": 1,
        "color": "red-blue",
        "genre": "indie",
        "mood": "serotonin",
        "descriptor": "happy rock",
        "pivotalArtists": [
          "spotify:artist:0SwO7SWeDHJijQ3XNS7xEE",
          "spotify:artist:536BYVgOnRky0xjsPT96zl",
          "spotify:artist:5INjqkS1o8h1imAzPqGZBb"
        ],
        "tracks": [
          {
            "trackName": "The Less I Know The Better",
            "trackUri": "spotify:track:6K4t31amVTZDgR3sKmwUJJ"
          },
          {
            "trackName": "What You Know",
            "trackUri": "spotify:track:4JHg4nNYUJQ5HULcCmI18R"
          },
          {
            "trackName": "Electric Feel",
            "trackUri": "spotify:track:3FtYbEfBqAlGO46NUDQSAt"
          }
        ]
      },
      {
        "key": "1",
        "peakMonth": 3,
        "color": "red-blue",
        "genre": "pop",
        "mood": "mcbling",
        "descriptor": "hollywood",
        "pivotalArtists": [
          "spotify:artist:06HL4z0CvFAxyc27GXpf02",
          "spotify:artist:0du5cEVh5yTK9QJze8zA0C",
          "spotify:artist:7n2wHs1TKAczGzO7Dd2rGr"
        ],
        "tracks": [
          {
            "trackName": "Beautiful Things",
            "trackUri": "spotify:track:3xkHsmpQCBMytMJNiDf3Ii"
          },
          {
            "trackName": "Amnesia",
            "trackUri": "spotify:track:0dIOvducp7ujHTqj66cQ3X"
          },
          {
            "trackName": "I Ain't Worried",
            "trackUri": "spotify:track:4h9wh7iOZ0GGn8QVp4RAOB"
          }
        ]
      },
      {
        "key": "2",
        "peakMonth": 9,
        "color": "green-blue",
        "genre": "country",
        "mood": "breakup",
        "descriptor": "slow dance",
        "pivotalArtists": [
          "spotify:artist:77kULmXAQ6vWer7IIHdGzI",
          "spotify:artist:4oUHIQIBe0LHzYfvXNW4QM",
          "spotify:artist:718COspgdWOnwOFpJHRZHS"
        ],
        "tracks": [
          {
            "trackName": "Take It From Me",
            "trackUri": "spotify:track:3dCZm5HrG0jIXAHfNkg2H0"
          },
          {
            "trackName": "Whiskey Glasses",
            "trackUri": "spotify:track:6foY66mWZN0pSRjZ408c00"
          },
          {
            "trackName": "Man Made A Bar (feat. Eric Church)",
            "trackUri": "spotify:track:73zawW1ttszLRgT9By826D"
          }
        ]
      }
    ]
  }
}