{
  "tracks": [
    {
      "artist": "BoyWithUke",
      "album": "Serotonin Dreams",
      "track": "Let Me Down",
      "uri": "spotify:track:4bAKBlxMI0eNoy1aNonUrV"
    },
    {
      "artist": "The Neighbourhood",
      "album": "Hard To Imagine The Neighbourhood Ever Changing",
      "track": "Reflections",
      "uri": "spotify:track:2xql0pid3EUwW38AsywxhV"
    },
    {
      "artist": "Planet Funk",
      "album": "Non Zero Sumness Plus One",
      "track": "Chase the Sun",
      "uri": "spotify:track:2mkBHN67xLpHrpqOuj79Yz"
    },
    {
      "artist": "Cage The Elephant",
      "album": "Tell Me I'm Pretty",
      "track": "Too Late To Say Goodbye",
      "uri": "spotify:track:48sc7vBJeNoCEQhxO3zYKA"
    },
    {
      "artist": "Action Bronson",
      "album": "Suicide Squad: The Album",
      "track": "Standing in the Rain (with Mark Ronson & Dan Auerbach)",
      "uri": "spotify:track:6p586xRu0OuyR1ftsTvFoz"
    },
    {
      "artist": "Circa Waves",
      "album": "Young Chasers",
      "track": "T-Shirt Weather",
      "uri": "spotify:track:1uNH7kknB8MVkmh6FfDb6W"
    },
    {
      "artist": "Neon Trees",
      "album": "Songs I Can't Listen To",
      "track": "Songs I Can't Listen To",
      "uri": "spotify:track:1WMBlpjhd3AUQiNfJOzfIl"
    },
    {
      "artist": "Larkins",
      "album": "TV Dream",
      "track": "TV Dream",
      "uri": "spotify:track:52zQtUaYzFCHWP7Jzi24pz"
    },
    {
      "artist": "Jeremy Zucker",
      "album": "idle",
      "track": "talk is overrated",
      "uri": "spotify:track:0YaXvr08WK45PgoeN4fLDE"
    },
    {
      "artist": "SL",
      "album": "Tropical",
      "track": "Tropical",
      "uri": "spotify:track:3qIxnOusGoTpHvNVMLHscw"
    },
    {
      "artist": "Devvon Terrell",
      "album": "The Living Weirdo_o",
      "track": "#WCW",
      "uri": "spotify:track:6kCP4XiMpWOdBcw010cDdp"
    },
    {
      "artist": "Leslie Odom Jr.",
      "album": "Hamilton",
      "track": "Non-Stop",
      "uri": "spotify:track:7qfoq1JFKBUEIvhqOHzuqX"
    },
    {
      "artist": "Cage The Elephant",
      "album": "Cage The Elephant",
      "track": "Judas",
      "uri": "spotify:track:1NWWq4sl2OZgj2zRiiZVmT"
    },
    {
      "artist": "Cage The Elephant",
      "album": "Neon Pill",
      "track": "Neon Pill",
      "uri": "spotify:track:4kTHDmH15ubreezeDqRHXc"
    },
    {
      "artist": "Larkins",
      "album": "JCOY",
      "track": "if + when",
      "uri": "spotify:track:7iZzBN4H5QvoDHF8nZznV4"
    },
    {
      "artist": "ConfidentialMX",
      "album": "Suicide Squad: The Album",
      "track": "I Started a Joke (feat. Becky Hanson)",
      "uri": "spotify:track:7qoiIJeepTkwzXMAItJe8T"
    },
    {
      "artist": "Cage The Elephant",
      "album": "Ready To Let Go",
      "track": "Ready To Let Go",
      "uri": "spotify:track:2QoDAlMnML5haTXvYRS86X"
    },
    {
      "artist": "Ocean Alley",
      "album": "Chiaroscuro",
      "track": "Knees",
      "uri": "spotify:track:7fE9r2qOJmjgruk3TdW4MD"
    },
    {
      "artist": "Foreigner",
      "album": "Foreigner",
      "track": "Fool for You Anyway",
      "uri": "spotify:track:1r43lDLqpKdUgCAXBSmIkq"
    },
    {
      "artist": "Lin-Manuel Miranda",
      "album": "Hamilton",
      "track": "Ten Duel Commandments",
      "uri": "spotify:track:3lXyAQ0kekAvY5LodpWmUs"
    },
    {
      "artist": "Thomas Dolby",
      "album": "The Flat Earth",
      "track": "I Scare Myself",
      "uri": "spotify:track:6XhpH1fs9BLFk0IxEGyecw"
    },
    {
      "artist": "Phillipa Soo",
      "album": "Hamilton",
      "track": "Schuyler Defeated",
      "uri": "spotify:track:05bhmaAD1urZnQMWNd6p3S"
    },
    {
      "artist": "Why Don't We",
      "album": "8 Letters",
      "track": "Can’t You See",
      "uri": "spotify:track:2ZH0frS6VRDzSphiwJ9pvc"
    },
    {
      "artist": "Lin-Manuel Miranda",
      "album": "Hamilton",
      "track": "Stay Alive - Reprise",
      "uri": "spotify:track:2ydKgIVZAQXeYLWtxU8DFS"
    },
    {
      "artist": "Shawn Mendes",
      "album": "Handwritten",
      "track": "I Know What You Did Last Summer",
      "uri": "spotify:track:2GyA33q5rti5IxkMQemRDH"
    },
    {
      "artist": "Tom Grennan",
      "album": "Lighting Matches (Deluxe)",
      "track": "Lucky Ones",
      "uri": "spotify:track:6yYF9RyPn4REVhfGptZuJ6"
    },
    {
      "artist": "The Clash",
      "album": "London Calling (Remastered)",
      "track": "Train in Vain (Stand by Me) - Remastered",
      "uri": "spotify:track:6ITuEsxEy2qPhqMowdDAeI"
    },
    {
      "artist": "Cage The Elephant",
      "album": "Melophobia",
      "track": "Spiderhead",
      "uri": "spotify:track:3qmTLHVjteYwzS9fEygSzA"
    },
    {
      "artist": "Daveed Diggs",
      "album": "Hamilton",
      "track": "What'd I Miss",
      "uri": "spotify:track:2W9u3whoCkQYOUbmnSrHi1"
    },
    {
      "artist": "88rising",
      "album": "Midsummer Madness",
      "track": "Midsummer Madness",
      "uri": "spotify:track:0wFmawqundY8rOn9sZUqA6"
    },
    {
      "artist": "Cage The Elephant",
      "album": "Thank You Happy Birthday",
      "track": "Always Something",
      "uri": "spotify:track:72XtDRVkMhHthckiMiAUUJ"
    },
    {
      "artist": "Cage The Elephant",
      "album": "Melophobia",
      "track": "Black Widow",
      "uri": "spotify:track:47lHUAseVOuPkGzbYW5k3O"
    },
    {
      "artist": "Cage The Elephant",
      "album": "Melophobia",
      "track": "Spiderhead",
      "uri": "spotify:track:4FN395EYfdCGrBthUfJzug"
    },
    {
      "artist": "Jimi Hendrix",
      "album": "Electric Ladyland",
      "track": "Voodoo Child (Slight Return)",
      "uri": "spotify:track:2AxCeJ6PSsBYiTckM0HLY7"
    },
    {
      "artist": "Phillipa Soo",
      "album": "Hamilton",
      "track": "Take a Break",
      "uri": "spotify:track:2qFIJT5hjqaNFA1GKwl9me"
    },
    {
      "artist": "1017 ALYX 9SM",
      "album": "Minotaur's Song",
      "track": "Minotaur's Song",
      "uri": "spotify:track:2dQ9lOVqtl9EgImXB2pTxd"
    },
    {
      "artist": "Original Broadway Cast of Hamilton",
      "album": "Hamilton",
      "track": "Yorktown (The World Turned Upside Down)",
      "uri": "spotify:track:733tju3KUeatsbjcTRQ04i"
    },
    {
      "artist": "Cage The Elephant",
      "album": "Thank You Happy Birthday",
      "track": "Flow",
      "uri": "spotify:track:3MFpT0PGh61Vg80ETCVrJK"
    },
    {
      "artist": "Kanye West",
      "album": "ye",
      "track": "All Mine",
      "uri": "spotify:track:3qnoOm4fwZPBS116f5hpgF"
    },
    {
      "artist": "Djo",
      "album": "Twenty Twenty",
      "track": "Roddy",
      "uri": "spotify:track:5hS8s1Vf4CeSRBT1bTWa39"
    },
    {
      "artist": "Louane",
      "album": "Louane",
      "track": "Si t'étais là",
      "uri": "spotify:track:3ghmFXEXTP6DdVOyvuPHpr"
    },
    {
      "artist": "Cage The Elephant",
      "album": "Melophobia",
      "track": "Cigarette Daydreams",
      "uri": "spotify:track:6jHvX8ZnHKC1PnrPMJ0Emt"
    },
    {
      "artist": "Cage The Elephant",
      "album": "Tell Me I'm Pretty",
      "track": "Portuguese Knife Fight",
      "uri": "spotify:track:01T0Kq5YOIRF9BQRXJsyfe"
    },
    {
      "artist": "Elbow",
      "album": "The Seldom Seen Kid",
      "track": "Grounds for Divorce",
      "uri": "spotify:track:27rgTetikreqkvedaxrF5N"
    },
    {
      "artist": "Harry Styles",
      "album": "Harry's House",
      "track": "Music For a Sushi Restaurant",
      "uri": "spotify:track:5LYMamLv12UPbemOaTPyeV"
    },
    {
      "artist": "Macklemore & Ryan Lewis",
      "album": "This Unruly Mess I've Made",
      "track": "Downtown (feat. Melle Mel, Grandmaster Caz, Kool Moe Dee & Eric Nally)",
      "uri": "spotify:track:5pfJsMwoRYKampPay8amX0"
    },
    {
      "artist": "Okieriete Onaodowan",
      "album": "Hamilton",
      "track": "The Story of Tonight - Reprise",
      "uri": "spotify:track:1CzeuSrm71wHP9qsjg7p3F"
    },
    {
      "artist": "Bruno Mars",
      "album": "Doo-Wops & Hooligans",
      "track": "Talking to the Moon",
      "uri": "spotify:track:1wVuPmvt6AWvTL5W2GJnzZ"
    },
    {
      "artist": "Fontaines D.C.",
      "album": "Skinty Fia go deo",
      "track": "Roman Holiday - Skinty Fia Sessions",
      "uri": "spotify:track:5NSdVaDxe2e8oR04nkmuzV"
    },
    {
      "artist": "Carly Rae Jepsen",
      "album": "The Loveliest Time",
      "track": "Kollage",
      "uri": "spotify:track:6vX00oaG3bMuNBKxapoPYO"
    },
    {
      "artist": "Chris Afton",
      "album": "good ol days",
      "track": "love song for a deadman",
      "uri": "spotify:track:7m8N91cOEndsfzPY8zwA83"
    },
    {
      "artist": "Cage The Elephant",
      "album": "Melophobia",
      "track": "Teeth",
      "uri": "spotify:track:0fB4uod1XwAoCXn1avVFx0"
    },
    {
      "artist": "Fontaines D.C.",
      "album": "Skinty Fia go deo",
      "track": "I Love You - Skinty Fia Sessions",
      "uri": "spotify:track:5rnKkga1Yh68cekftiADG7"
    },
    {
      "artist": "War",
      "album": "Suicide Squad: The Album",
      "track": "Slippin' Into Darkness",
      "uri": "spotify:track:5IDmJ2xMwIUkSTPgGcgi3D"
    },
    {
      "artist": "Phillipa Soo",
      "album": "Hamilton",
      "track": "That Would Be Enough",
      "uri": "spotify:track:6oF8ueLn5hIl4PRp17sxW6"
    },
    {
      "artist": "Jimi Hendrix",
      "album": "Electric Ladyland",
      "track": "Crosstown Traffic",
      "uri": "spotify:track:1ntxpzIUbSsizvuAy6lTYY"
    },
    {
      "artist": "Cage The Elephant",
      "album": "Thank You Happy Birthday",
      "track": "Around My Head",
      "uri": "spotify:track:6Lkm3HUB0wKn6LJqxnuxgs"
    },
    {
      "artist": "Cage The Elephant",
      "album": "Thank You Happy Birthday",
      "track": "2024",
      "uri": "spotify:track:1YpeognS6DsZSi8qx1U4Ya"
    },
    {
      "artist": "Brent Faiyaz",
      "album": "A.M. Paradox",
      "track": "Insecure",
      "uri": "spotify:track:4t5Zj9I7WDYFaYlSif13lV"
    },
    {
      "artist": "Old 97's",
      "album": "The Guardians of the Galaxy Holiday Special",
      "track": "I Don't Know What Christmas Is (But Christmastime Is Here)",
      "uri": "spotify:track:7AD4sAsJJQm0Bog0zhwYrf"
    },
    {
      "artist": "The Wombats",
      "album": "Glitterbug",
      "track": "Pink Lemonade",
      "uri": "spotify:track:2QqfM19xb0tcmf9gOONcW7"
    },
    {
      "artist": "The Script",
      "album": "#3 Deluxe Version",
      "track": "If You Could See Me Now",
      "uri": "spotify:track:6EzSy7WxNCazx3csu7lxdV"
    },
    {
      "artist": "Skrillex",
      "album": "Suicide Squad: The Album",
      "track": "Purple Lamborghini (with Rick Ross)",
      "uri": "spotify:track:1dDh5CNFdRHvkZxxy3CHAI"
    },
    {
      "artist": "Leslie Odom Jr.",
      "album": "Hamilton",
      "track": "Your Obedient Servant",
      "uri": "spotify:track:6SHI6STEW51cQkAXBRpLNj"
    },
    {
      "artist": "Portugal. The Man",
      "album": "Woodstock",
      "track": "Feel It Still",
      "uri": "spotify:track:6QgjcU0zLnzq5OrUoSZ3OK"
    },
    {
      "artist": "Jungle",
      "album": "Volcano",
      "track": "Back On 74",
      "uri": "spotify:track:19kHhX6f6EfLU7rcO3RqjO"
    },
    {
      "artist": "BoyWithUke",
      "album": "Fever Dreams",
      "track": "Out of Tune",
      "uri": "spotify:track:2Ouu07dJ1tUavnkARWsdJ9"
    },
    {
      "artist": "Cage The Elephant",
      "album": "Social Cues",
      "track": "Skin and Bones",
      "uri": "spotify:track:6ubPFMzlIg73d1jzzWcC8B"
    },
    {
      "artist": "One Direction",
      "album": "FOUR",
      "track": "Night Changes",
      "uri": "spotify:track:5O2P9iiztwhomNh8xkR9lJ"
    },
    {
      "artist": "Lin-Manuel Miranda",
      "album": "Hamilton",
      "track": "My Shot",
      "uri": "spotify:track:4cxvludVmQxryrnx1m9FqL"
    },
    {
      "artist": "Cage The Elephant",
      "album": "Melophobia",
      "track": "Halo",
      "uri": "spotify:track:5yneeuhX7f7AMtBvfny2F4"
    },
    {
      "artist": "THE DRIVER ERA",
      "album": "X",
      "track": "Afterglow",
      "uri": "spotify:track:2KKBlK4IZUdjlJ7F0WGzU6"
    },
    {
      "artist": "Cage The Elephant",
      "album": "Good Time",
      "track": "Neon Pill",
      "uri": "spotify:track:2O2QPafJ5iMPlK6kJhvdrz"
    },
    {
      "artist": "Sea Girls",
      "album": "All I Want To Hear You Say",
      "track": "All I Want To Hear You Say",
      "uri": "spotify:track:3X5PSHyFEfkkbIncpslasP"
    },
    {
      "artist": "Khalid",
      "album": "American Teen",
      "track": "8TEEN",
      "uri": "spotify:track:5bgwqaRSS3M8WHWruHgSL5"
    },
    {
      "artist": "Lin-Manuel Miranda",
      "album": "Hamilton",
      "track": "We Know",
      "uri": "spotify:track:1DLfR4MOfLYbV6v3xrmWa8"
    },
    {
      "artist": "Cage The Elephant",
      "album": "Tell Me I'm Pretty",
      "track": "That's Right",
      "uri": "spotify:track:7rUkzuaCFJx2UwXTWEpcDe"
    },
    {
      "artist": "New West",
      "album": "Those Eyes",
      "track": "Those Eyes",
      "uri": "spotify:track:2GThBgzZoZfz0lx1JjBwfe"
    },
    {
      "artist": "Sara Bareilles",
      "album": "Little Voice",
      "track": "Love Song",
      "uri": "spotify:track:4E6cwWJWZw2zWf7VFbH7wf"
    },
    {
      "artist": "Sik World",
      "album": "7 Years (Remix)",
      "track": "7 Years (Remix)",
      "uri": "spotify:track:1kFlDnWmBTvCBxxeGDpIdp"
    },
    {
      "artist": "Cage The Elephant",
      "album": "Social Cues",
      "track": "Black Madonna",
      "uri": "spotify:track:4Y6GIje3GErVRIq1Ff5BJq"
    },
    {
      "artist": "Morgan Wallen",
      "album": "One Thing At A Time",
      "track": "Cowgirls (feat. ERNEST)",
      "uri": "spotify:track:7fveJ3pk1eSfxBdVkzdXZ0"
    },
    {
      "artist": "Cage The Elephant",
      "album": "Melophobia",
      "track": "It's Just Forever",
      "uri": "spotify:track:4MF31CA7wr4SuueryBPXN1"
    },
    {
      "artist": "Cage The Elephant",
      "album": "Social Cues",
      "track": "Broken Boy",
      "uri": "spotify:track:0RbcDELsGTciLeMGsSdJAc"
    },
    {
      "artist": "Panic! At The Disco",
      "album": "Suicide Squad: The Album",
      "track": "Bohemian Rhapsody",
      "uri": "spotify:track:2YSbHu9XF4bNYWt3MnIhgE"
    },
    {
      "artist": "Slowdive",
      "album": "Slowdive",
      "track": "Sugar for the Pill",
      "uri": "spotify:track:0eVz3hV2xOXdneGpnWDFpb"
    },
    {
      "artist": "Lin-Manuel Miranda",
      "album": "Hamilton",
      "track": "Aaron Burr, Sir",
      "uri": "spotify:track:6dr7ekfhlbquvsVY8D7gyk"
    },
    {
      "artist": "Leslie Odom Jr.",
      "album": "Hamilton",
      "track": "The World Was Wide Enough",
      "uri": "spotify:track:0P09TBGSKiQwfUsEh1UafT"
    },
    {
      "artist": "Why Don't We",
      "album": "8 Letters",
      "track": "Friends",
      "uri": "spotify:track:0GmfYAOe7Y3vIv4lKdaeOA"
    },
    {
      "artist": "Radiohead",
      "album": "In Rainbows",
      "track": "Reckoner",
      "uri": "spotify:track:02ppMPbg1OtEdHgoPqoqju"
    },
    {
      "artist": "Larkins",
      "album": "JCOY",
      "track": "over It",
      "uri": "spotify:track:4QmwHmkryzzsJwYM32fVTT"
    },
    {
      "artist": "Dennis Lloyd",
      "album": "Nevermind",
      "track": "Nevermind",
      "uri": "spotify:track:63SevszngYpZOwf63o61K4"
    },
    {
      "artist": "Cage The Elephant",
      "album": "Cage The Elephant",
      "track": "In One Ear",
      "uri": "spotify:track:4hZiDVgUkLXvA9ZD3PurkI"
    },
    {
      "artist": "Call Me Karizma",
      "album": "To Hell With Hollywood",
      "track": "Nails",
      "uri": "spotify:track:00RsQGAp58K9CZmKGWABGB"
    },
    {
      "artist": "Ella Henderson",
      "album": "Glorious",
      "track": "Friends",
      "uri": "spotify:track:18RdChpgvaAO7GXDjLks2B"
    },
    {
      "artist": "BoyWithUke",
      "album": "IDGAF",
      "track": "IDGAF (with blackbear)",
      "uri": "spotify:track:6Jrdb6CFOJEGaHjaa6c4WR"
    },
    {
      "artist": "Cage The Elephant",
      "album": "Cage The Elephant",
      "track": "James Brown",
      "uri": "spotify:track:7wqGNKgDuDsOSLbWQgrqqK"
    },
    {
      "artist": "Wunderhorse",
      "album": "Cub",
      "track": "Teal",
      "uri": "spotify:track:1jJvNlkbQmtRpG9uIUpiYA"
    },
    {
      "artist": "Leslie Odom Jr.",
      "album": "Hamilton",
      "track": "Alexander Hamilton",
      "uri": "spotify:track:4TTV7EcfroSLWzXRY6gLv6"
    },
    {
      "artist": "Dappy",
      "album": "Bad Intentions",
      "track": "No Regrets",
      "uri": "spotify:track:70D2cjkMcoE9FsBHb2Dhvs"
    },
    {
      "artist": "SAYGRACE",
      "album": "Suicide Squad: The Album",
      "track": "You Don't Own Me (feat. G-Eazy)",
      "uri": "spotify:track:6Slaf2WBzQA86oS7MNMUNS"
    },
    {
      "artist": "Angèle",
      "album": "Brol",
      "track": "Balance ton quoi",
      "uri": "spotify:track:2jX5c5RFp0A9E1GDsvGxIa"
    },
    {
      "artist": "Cage The Elephant",
      "album": "Tell Me I'm Pretty",
      "track": "Sweetie Little Jean",
      "uri": "spotify:track:4dpEYOPcmHNfvERbiajp3G"
    },
    {
      "artist": "Eminem",
      "album": "Suicide Squad: The Album",
      "track": "Without Me",
      "uri": "spotify:track:1dWXQWIjjYWafYgw0zVGnG"
    },
    {
      "artist": "Kehlani",
      "album": "Suicide Squad: The Album",
      "track": "Gangsta",
      "uri": "spotify:track:1W7zkKgRv9mrLbfdQ8XyH3"
    },
    {
      "artist": "Ariana DeBose",
      "album": "Hamilton",
      "track": "Blow Us All Away",
      "uri": "spotify:track:6lsFGDo1IEEPFKh94c9kFe"
    },
    {
      "artist": "Why Don't We",
      "album": "8 Letters",
      "track": "Choose",
      "uri": "spotify:track:0bSLDuIIIGla6l9C9DIXqP"
    },
    {
      "artist": "Tom Grennan",
      "album": "Lighting Matches (Deluxe)",
      "track": "Barbed Wire",
      "uri": "spotify:track:38g6nZL3G2VQHTbA4xI7gS"
    },
    {
      "artist": "Michael Kiwanuka",
      "album": "Cold Little Heart",
      "track": "Cold Little Heart - Radio Edit",
      "uri": "spotify:track:7KX65PC1UZuImsUInThbav"
    },
    {
      "artist": "Muse",
      "album": "Black Holes and Revelations",
      "track": "Supermassive Black Hole",
      "uri": "spotify:track:3lPr8ghNDBLc2uZovNyLs9"
    },
    {
      "artist": "Harry Styles",
      "album": "As It Was",
      "track": "As It Was",
      "uri": "spotify:track:4LRPiXqCikLlN15c3yImP7"
    },
    {
      "artist": "Tom Grennan",
      "album": "Lighting Matches (Deluxe)",
      "track": "Aboard",
      "uri": "spotify:track:30P4mjOqazLKIYfs5Rq3Hi"
    },
    {
      "artist": "Stitches",
      "album": "I Need Rehab",
      "track": "When I Die",
      "uri": "spotify:track:6FaODGcZeLlkugSqBxRVpq"
    },
    {
      "artist": "Blue Swede",
      "album": "Hooked On A Feeling",
      "track": "Hooked On A Feeling",
      "uri": "spotify:track:6Ac4NVYYl2U73QiTt11ZKd"
    },
    {
      "artist": "Klô Pelgag",
      "album": "L'étoile thoracique",
      "track": "Samedi soir à la violence",
      "uri": "spotify:track:62YkbAOV8iHEXT6GUU3L69"
    },
    {
      "artist": "Cage The Elephant",
      "album": "Out Loud",
      "track": "Out Loud",
      "uri": "spotify:track:6Yx5Cw2mVmx6LiVP2VXWEO"
    },
    {
      "artist": "Cage The Elephant",
      "album": "Thank You Happy Birthday",
      "track": "Indy Kidz",
      "uri": "spotify:track:6P3Jl6xeHPpWZnm3XGB43Z"
    },
    {
      "artist": "Cage The Elephant",
      "album": "Thank You Happy Birthday",
      "track": "Shake Me Down",
      "uri": "spotify:track:3eFepXGITXNDXXHUNqouxi"
    },
    {
      "artist": "Cage The Elephant",
      "album": "Melophobia",
      "track": "Telescope",
      "uri": "spotify:track:5dyfHe3tR7wyzfuNo0uu3Y"
    },
    {
      "artist": "Jonathan Groff",
      "album": "Hamilton",
      "track": "You'll Be Back",
      "uri": "spotify:track:6OG1S805gIrH5nAQbEOPY3"
    },
    {
      "artist": "Leslie Odom Jr.",
      "album": "Hamilton",
      "track": "Washington on Your Side",
      "uri": "spotify:track:1WHNqqRWhJVZIdCScFKtl5"
    },
    {
      "artist": "Cage The Elephant",
      "album": "Melophobia",
      "track": "Black Widow",
      "uri": "spotify:track:4Mqj2CeBGoumBTiwCjpsV2"
    },
    {
      "artist": "Chase & Status",
      "album": "Lighting Matches (Deluxe)",
      "track": "All Goes Wrong (feat. Tom Grennan) - Acoustic",
      "uri": "spotify:track:3teSNSk9qjJUdBvg7H0L0T"
    },
    {
      "artist": "Kanye West",
      "album": "ye",
      "track": "I Thought About Killing You",
      "uri": "spotify:track:6EuE9M1viu9gkdFSafia9o"
    },
    {
      "artist": "Cage The Elephant",
      "album": "Cage The Elephant",
      "track": "Soil To The Sun",
      "uri": "spotify:track:12O78zgpeOWd50fkHgbPr5"
    },
    {
      "artist": "Cage The Elephant",
      "album": "Tell Me I'm Pretty",
      "track": "Punchin' Bag",
      "uri": "spotify:track:17Mzg40eYZh2qNDKH5pZWm"
    },
    {
      "artist": "The Academic",
      "album": "Tales From The Backseat",
      "track": "Bear Claws",
      "uri": "spotify:track:2qu0mEZGymmE2LyJuz7Jrn"
    },
    {
      "artist": "Foster The People",
      "album": "Torches",
      "track": "Pumped Up Kicks",
      "uri": "spotify:track:7w87IxuO7BDcJ3YUqCyMTT"
    },
    {
      "artist": "Cage The Elephant",
      "album": "Melophobia",
      "track": "Teeth",
      "uri": "spotify:track:0XjGNZBJuZoGMpSmorv6fz"
    },
    {
      "artist": "Red Hot Chili Peppers",
      "album": "Stadium Arcadium",
      "track": "Snow (Hey Oh)",
      "uri": "spotify:track:2aibwv5hGXSgw7Yru8IYTO"
    },
    {
      "artist": "Christopher Jackson",
      "album": "Hamilton",
      "track": "History Has Its Eyes on You",
      "uri": "spotify:track:1mGO8rwCE9zk7H06OxcU5m"
    },
    {
      "artist": "Cage The Elephant",
      "album": "Melophobia",
      "track": "It's Just Forever",
      "uri": "spotify:track:6XZUDsRjlcEJ8qLqP4Lt4L"
    },
    {
      "artist": "Cage The Elephant",
      "album": "Tell Me I'm Pretty",
      "track": "Mess Around",
      "uri": "spotify:track:0X0Lz7LwpiIWcdGqVWaxXD"
    },
    {
      "artist": "The Stone Roses",
      "album": "The Stone Roses",
      "track": "She Bangs the Drums - Remastered 2009",
      "uri": "spotify:track:3clIHVzJ9J2rvvrFUKLICo"
    },
    {
      "artist": "Benson Boone",
      "album": "Before You",
      "track": "Before You",
      "uri": "spotify:track:523f4oSjrZx83XDtRLnsIw"
    },
    {
      "artist": "Cage The Elephant",
      "album": "Melophobia",
      "track": "Halo",
      "uri": "spotify:track:0CV4FhybpGcEKEPw67ars9"
    },
    {
      "artist": "Why Don't We",
      "album": "8 Letters",
      "track": "In Too Deep",
      "uri": "spotify:track:6z3OqZBR4v3w6s0w6dSVhF"
    },
    {
      "artist": "Slowdive",
      "album": "everything is alive",
      "track": "kisses",
      "uri": "spotify:track:7LuPjGUfJqxuW14W4gMrU2"
    },
    {
      "artist": "Christopher Jackson",
      "album": "Hamilton",
      "track": "Cabinet Battle #2",
      "uri": "spotify:track:6KRHMYPIWRgFWlXPgqO2Fp"
    },
    {
      "artist": "Tai Verdes",
      "album": "TV",
      "track": "AOK",
      "uri": "spotify:track:1sx0XsWUusUoPstbvokZjP"
    },
    {
      "artist": "The xx",
      "album": "xx",
      "track": "Crystalised",
      "uri": "spotify:track:5UBBJnFxsfjFxfrtvErQoH"
    },
    {
      "artist": "Cage The Elephant",
      "album": "Social Cues",
      "track": "Goodbye",
      "uri": "spotify:track:50nZ2pvMssa7zcSI8ZgARe"
    },
    {
      "artist": "Lin-Manuel Miranda",
      "album": "Hamilton",
      "track": "Right Hand Man",
      "uri": "spotify:track:3nJYcY9yvKP8Oi2Ml8brXt"
    },
    {
      "artist": "Cage The Elephant",
      "album": "Thank You Happy Birthday",
      "track": "Sabertooth Tiger",
      "uri": "spotify:track:7cpfM1YKLXjVEbDy9xmypn"
    },
    {
      "artist": "Peachy!",
      "album": "Falling for U",
      "track": "Falling for U",
      "uri": "spotify:track:2xhGZ3WzOa3tir28y7Cb88"
    },
    {
      "artist": "Paul Simon",
      "album": "Paul Simon",
      "track": "Me and Julio Down by the Schoolyard",
      "uri": "spotify:track:6vxHp3CDNo0afgKGp2yi1E"
    },
    {
      "artist": "Jeremy Zucker",
      "album": "all the kids are depressed",
      "track": "all the kids are depressed",
      "uri": "spotify:track:08j5AOw6GGKexqhw3fZcQU"
    },
    {
      "artist": "Taylor Swift",
      "album": "Lover",
      "track": "Cornelia Street",
      "uri": "spotify:track:12M5uqx0ZuwkpLp5rJim1a"
    },
    {
      "artist": "Michael Kiwanuka",
      "album": "Love & Hate",
      "track": "Cold Little Heart",
      "uri": "spotify:track:0qprlw0jfsW4H9cG0FFE0Z"
    },
    {
      "artist": "Creedence Clearwater Revival",
      "album": "Suicide Squad: The Album",
      "track": "Fortunate Son",
      "uri": "spotify:track:0xQvrfyrolYl97XYPwzvgp"
    },
    {
      "artist": "Jamiroquai",
      "album": "Travelling Without Moving",
      "track": "Virtual Insanity - Remastered 2013",
      "uri": "spotify:track:2Bxt2qamL6iu0XN0Td484J"
    },
    {
      "artist": "Landscape",
      "album": "Edge Of The 80's",
      "track": "Einstein A Go-Go",
      "uri": "spotify:track:405AvKePXFN2eoqgFmWNie"
    },
    {
      "artist": "Tom Grennan",
      "album": "Lighting Matches (Deluxe)",
      "track": "Little By Little Love",
      "uri": "spotify:track:4KBZl42U3xpm031ayP5Qpf"
    },
    {
      "artist": "AnnenMayKantereit",
      "album": "Tom's Diner",
      "track": "Tom's Diner",
      "uri": "spotify:track:0oA9wBGDY4uyILLg4GymWP"
    },
    {
      "artist": "Cage The Elephant",
      "album": "Cage The Elephant",
      "track": "Back Stabbin' Betty",
      "uri": "spotify:track:3msKz2BFYUt1srnlafs10D"
    },
    {
      "artist": "Cage The Elephant",
      "album": "Social Cues",
      "track": "The War Is Over",
      "uri": "spotify:track:3AXurFcVRfTGxXBVpqLY2d"
    },
    {
      "artist": "Jimi Hendrix",
      "album": "Are You Experienced",
      "track": "Purple Haze",
      "uri": "spotify:track:0wJoRiX5K5BxlqZTolB2LD"
    },
    {
      "artist": "Cage The Elephant",
      "album": "Thank You Happy Birthday",
      "track": "Rubber Ball",
      "uri": "spotify:track:71qEh0jkx6aD7XGb7HaAF5"
    },
    {
      "artist": "Lin-Manuel Miranda",
      "album": "Hamilton",
      "track": "Meet Me Inside",
      "uri": "spotify:track:6p7jXaTJdpzGWnOJoK2jYr"
    },
    {
      "artist": "Jasmine Cephas-Jones",
      "album": "Hamilton",
      "track": "Say No to This",
      "uri": "spotify:track:3s9itRgJYcKhem01P17865"
    },
    {
      "artist": "Jimi Hendrix",
      "album": "Electric Ladyland",
      "track": "All Along the Watchtower",
      "uri": "spotify:track:2aoo2jlRnM3A0NyLQqMN2f"
    },
    {
      "artist": "Kanye West",
      "album": "ye",
      "track": "Ghost Town",
      "uri": "spotify:track:6Bg7MznA9X0dIhlAsLyBYj"
    },
    {
      "artist": "Bad Company",
      "album": "Live At Red Rocks",
      "track": "Shooting Star (Live)",
      "uri": "spotify:track:1CLEwFkFjJlhAvw5pux932"
    },
    {
      "artist": "Christopher Jackson",
      "album": "Hamilton",
      "track": "One Last Time",
      "uri": "spotify:track:0Iys022UwQ8xBfxE1g4nWZ"
    },
    {
      "artist": "Christopher Jackson",
      "album": "Hamilton",
      "track": "Cabinet Battle #1",
      "uri": "spotify:track:3TfKt8mPpdXfQTMfRjHzyz"
    },
    {
      "artist": "Leslie Odom Jr.",
      "album": "Hamilton",
      "track": "Dear Theodosia",
      "uri": "spotify:track:2sEq2rC3ynYsT49x7utWnd"
    },
    {
      "artist": "Cage The Elephant",
      "album": "Social Cues",
      "track": "Night Running",
      "uri": "spotify:track:0wSmZykDgah7GfaUNZUZCb"
    },
    {
      "artist": "Gotye",
      "album": "Making Mirrors",
      "track": "Somebody That I Used To Know",
      "uri": "spotify:track:1qDrWA6lyx8cLECdZE7TV7"
    },
    {
      "artist": "George Ezra",
      "album": "Anyone For You (Tiger Lily)",
      "track": "Anyone For You (Tiger Lily)",
      "uri": "spotify:track:5iFQfP3AqVnHHS89LKQisL"
    },
    {
      "artist": "Why Don't We",
      "album": "8 Letters",
      "track": "Hooked",
      "uri": "spotify:track:2N2s2s2w0jmSIPNZcm8Jnr"
    },
    {
      "artist": "Tom Grennan",
      "album": "Lighting Matches (Deluxe)",
      "track": "Sober",
      "uri": "spotify:track:25NCJC9DJ2FXJEz54wMHRp"
    },
    {
      "artist": "Cage The Elephant",
      "album": "Social Cues",
      "track": "House Of Glass",
      "uri": "spotify:track:3iLk4Ii9EzNo4CIKpmAkB1"
    },
    {
      "artist": "The Lumineers",
      "album": "Cleopatra",
      "track": "Ophelia",
      "uri": "spotify:track:5NORWMFC27ywGSZxi8uquP"
    },
    {
      "artist": "Why Don't We",
      "album": "8 Letters",
      "track": "8 Letters",
      "uri": "spotify:track:4zRZAmBQP8vhNPf9i9opXt"
    },
    {
      "artist": "Kevin Gates",
      "album": "Suicide Squad: The Album",
      "track": "Know Better",
      "uri": "spotify:track:50prNXlssUmo8p5Agh0gHJ"
    },
    {
      "artist": "Take That",
      "album": "Never Forget: The Ultimate Collection",
      "track": "Never Forget - Single Version",
      "uri": "spotify:track:1WK7eLVsD0zH4UWm9ob3z6"
    },
    {
      "artist": "Cage The Elephant",
      "album": "Cage The Elephant",
      "track": "Ain't No Rest For The Wicked - Original Version",
      "uri": "spotify:track:7tCHpjktA50ihtkLz6bAnn"
    },
    {
      "artist": "Stardust",
      "album": "Music Sounds Better With You",
      "track": "Music Sounds Better With You",
      "uri": "spotify:track:303ccTay2FiDTZ9fZ2AdBt"
    },
    {
      "artist": "Grimes",
      "album": "Suicide Squad: The Album",
      "track": "Medieval Warfare",
      "uri": "spotify:track:60QB81goFQieUq28DZEDZP"
    },
    {
      "artist": "Rhys Lewis",
      "album": "July",
      "track": "July - Bedroom Session",
      "uri": "spotify:track:3OQmQTpwZBL3yTr5mCCvOH"
    },
    {
      "artist": "Taylor Swift",
      "album": "folklore",
      "track": "the 1",
      "uri": "spotify:track:4pfrrhvplbJZAIsfosGWQP"
    },
    {
      "artist": "Ocean Alley",
      "album": "Chiaroscuro",
      "track": "Confidence",
      "uri": "spotify:track:7to68V64Cu6zk0UDo5tyw3"
    },
    {
      "artist": "Renée Elise Goldsberry",
      "album": "Hamilton",
      "track": "The Schuyler Sisters",
      "uri": "spotify:track:71X7bPDljJHrmEGYCe7kQ8"
    },
    {
      "artist": "Cage The Elephant",
      "album": "Cage The Elephant",
      "track": "Lotus",
      "uri": "spotify:track:3nmamDoUC15NdvH0MsFZ2i"
    },
    {
      "artist": "Leslie Odom Jr.",
      "album": "Hamilton",
      "track": "A Winter's Ball",
      "uri": "spotify:track:2yBMVrq96wb9OHbMdBs0lF"
    },
    {
      "artist": "Cage The Elephant",
      "album": "Cage The Elephant",
      "track": "Back Against The Wall",
      "uri": "spotify:track:15XsaekQbikl8BHW3HXvGf"
    },
    {
      "artist": "Cage The Elephant",
      "album": "Good Time",
      "track": "Good Time",
      "uri": "spotify:track:5HuLnaRoHZTcgu2GMAbLGJ"
    },
    {
      "artist": "Måneskin",
      "album": "SUPERMODEL",
      "track": "SUPERMODEL",
      "uri": "spotify:track:63WuQOXohQIxOxIFA2K7bR"
    },
    {
      "artist": "Djo",
      "album": "Twenty Twenty",
      "track": "Chateau (Feel Alright)",
      "uri": "spotify:track:3vjs2MDHoF9xhylNg6Y9un"
    },
    {
      "artist": "Red Hot Chili Peppers",
      "album": "By the Way",
      "track": "Can't Stop",
      "uri": "spotify:track:3ZOEytgrvLwQaqXreDs2Jx"
    },
    {
      "artist": "Kaiser Chiefs",
      "album": "Yours Truly, Angry Mob",
      "track": "Ruby",
      "uri": "spotify:track:2fAIfPLrPUTW1AmJRR428Q"
    },
    {
      "artist": "Tom Grennan",
      "album": "Lighting Matches (Deluxe)",
      "track": "Royal Highness",
      "uri": "spotify:track:4fQCeaV5HN6OWXEYOtwzIU"
    },
    {
      "artist": "Original Broadway Cast of Hamilton",
      "album": "Hamilton",
      "track": "The Reynolds Pamphlet",
      "uri": "spotify:track:7D1Lf7N7AtCuEq5PGJtIPz"
    },
    {
      "artist": "Macklemore",
      "album": "The Heist",
      "track": "Can't Hold Us (feat. Ray Dalton)",
      "uri": "spotify:track:3bidbhpOYeV4knp8AIu8Xn"
    },
    {
      "artist": "Mac Miller",
      "album": "I Love Life, Thank You",
      "track": "Love Lost",
      "uri": "spotify:track:2z9iuAxKv4TTeCrPAxxKg9"
    },
    {
      "artist": "Twenty One Pilots",
      "album": "Suicide Squad: The Album",
      "track": "Heathens",
      "uri": "spotify:track:3vZM2544ETmOCCHuBPZRzm"
    },
    {
      "artist": "Red Hot Chili Peppers",
      "album": "Californication",
      "track": "Californication",
      "uri": "spotify:track:48UPSzbZjgc449aqz8bxox"
    },
    {
      "artist": "Phillipa Soo",
      "album": "Hamilton",
      "track": "Helpless",
      "uri": "spotify:track:54Sc7mZQ1RM03STpk4SfaA"
    },
    {
      "artist": "Leslie Odom Jr.",
      "album": "Hamilton",
      "track": "Wait for It",
      "uri": "spotify:track:7EqpEBPOohgk7NnKvBGFWo"
    },
    {
      "artist": "Cage The Elephant",
      "album": "Melophobia",
      "track": "Take It Or Leave It",
      "uri": "spotify:track:4cAyxZSDlcVS6CYaeBYrIJ"
    },
    {
      "artist": "Tom Grennan",
      "album": "Lighting Matches (Deluxe)",
      "track": "I Might",
      "uri": "spotify:track:1Ejqll5v7loyfWtXaINpXq"
    },
    {
      "artist": "Indila",
      "album": "Mini World",
      "track": "Dernière danse",
      "uri": "spotify:track:65uoaqX5qcjXZRheAj1qQT"
    },
    {
      "artist": "The Chainsmokers",
      "album": "All We Know",
      "track": "All We Know",
      "uri": "spotify:track:2rizacJSyD9S1IQUxUxnsK"
    },
    {
      "artist": "Cage The Elephant",
      "album": "Social Cues",
      "track": "Ready To Let Go",
      "uri": "spotify:track:4UyAtnwhaKv7EG1BdkBYRI"
    },
    {
      "artist": "Cage The Elephant",
      "album": "Social Cues",
      "track": "Dance Dance",
      "uri": "spotify:track:7A8iUf6fZZcrnnurw7VKSK"
    },
    {
      "artist": "AJR",
      "album": "Neotheater",
      "track": "Next Up Forever",
      "uri": "spotify:track:6QRhIcvwsEbbgPkYpU1Fzy"
    },
    {
      "artist": "AJR",
      "album": "The Click",
      "track": "Weak",
      "uri": "spotify:track:3BuLtAmXKy5uQYl4ED1zBT"
    },
    {
      "artist": "Cage The Elephant",
      "album": "Thank You Happy Birthday",
      "track": "Sell Yourself",
      "uri": "spotify:track:2UD7cyOM0LpR53UQ97CwGB"
    },
    {
      "artist": "Larkins",
      "album": "JCOY",
      "track": "Are We Having Any Fun Yet?",
      "uri": "spotify:track:4dSSYWxQX9fk7s0GEs27g7"
    },
    {
      "artist": "Leslie Odom Jr.",
      "album": "Hamilton",
      "track": "The Room Where It Happens",
      "uri": "spotify:track:2TK2KSrzXD6W01qjXVjNGh"
    },
    {
      "artist": "Jonathan Groff",
      "album": "Hamilton",
      "track": "What Comes Next?",
      "uri": "spotify:track:3D4J0o9w44QKFrBrYrSVJY"
    },
    {
      "artist": "Kanye West",
      "album": "ye",
      "track": "Wouldn't Leave",
      "uri": "spotify:track:3dG6tjetoR4GMmUGZUprLt"
    },
    {
      "artist": "Phillipa Soo",
      "album": "Hamilton",
      "track": "Best of Wives and Best of Women",
      "uri": "spotify:track:1dZutYKh4BtPlxbC81wV34"
    },
    {
      "artist": "Jeremy Zucker",
      "album": "glisten",
      "track": "wildfire",
      "uri": "spotify:track:1mrPG8snf4maJMoM4Ec8Ag"
    },
    {
      "artist": "Tom Grennan",
      "album": "Lighting Matches (Deluxe)",
      "track": "Run in the Rain",
      "uri": "spotify:track:3HORx5zTVffFq2JsRkzNwk"
    },
    {
      "artist": "Sticky Fingers",
      "album": "Yours to Keep",
      "track": "Sleeping Through the Flood",
      "uri": "spotify:track:2CBEhuMVHVatSPp6pyuBp3"
    },
    {
      "artist": "Jeremy Zucker",
      "album": "glisten",
      "track": "better off",
      "uri": "spotify:track:7bdYxWPCs46dQ0XLwySOyv"
    },
    {
      "artist": "Cage The Elephant",
      "album": "Thank You Happy Birthday",
      "track": "Aberdeen",
      "uri": "spotify:track:7pwULzYydZdjJX3SiqQ5bR"
    },
    {
      "artist": "Tom Grennan",
      "album": "Lighting Matches (Deluxe)",
      "track": "Something in the Water",
      "uri": "spotify:track:3fAPSHaCcVLsAUIvrawN4y"
    },
    {
      "artist": "Dire Straits",
      "album": "Making Movies",
      "track": "Romeo And Juliet",
      "uri": "spotify:track:0PNt5WTw092eED0ru9SuIp"
    },
    {
      "artist": "The Vamps",
      "album": "Night & Day",
      "track": "Middle Of The Night",
      "uri": "spotify:track:74vs7PD7iG2GnWUGnb8Yuq"
    },
    {
      "artist": "Cage The Elephant",
      "album": "Social Cues",
      "track": "Love's The Only Way",
      "uri": "spotify:track:7eIODQbTgKeNawQtowZJEM"
    },
    {
      "artist": "Troye Sivan",
      "album": "Something To Give Each Other",
      "track": "One Of Your Girls",
      "uri": "spotify:track:5Eh1nj7IjV9lwpcKAkidyY"
    },
    {
      "artist": "Cage The Elephant",
      "album": "Tell Me I'm Pretty",
      "track": "Trouble",
      "uri": "spotify:track:5n0CTysih20NYdT2S0Wpe8"
    },
    {
      "artist": "Skylar Grey",
      "album": "Suicide Squad: The Album",
      "track": "Wreak Havoc",
      "uri": "spotify:track:0ibkMpgLiFiMM68xMDIGIp"
    },
    {
      "artist": "Tom Grennan",
      "album": "Lighting Matches (Deluxe)",
      "track": "Make 'em Like You",
      "uri": "spotify:track:0waQZ6c4sjPNvKPNgHXL0P"
    },
    {
      "artist": "Imagine Dragons",
      "album": "Enemy (with JID)",
      "track": "Enemy (with JID) - from the series Arcane League of Legends",
      "uri": "spotify:track:1r9xUipOqoNwggBpENDsvJ"
    },
    {
      "artist": "Cage The Elephant",
      "album": "Social Cues",
      "track": "Social Cues",
      "uri": "spotify:track:1KuVdyg8d6NlRhbpHxg5UF"
    },
    {
      "artist": "Kanye West",
      "album": "ye",
      "track": "Violent Crimes",
      "uri": "spotify:track:2VYb3Fb5iK5Y8HGZ8oEEkp"
    },
    {
      "artist": "Lin-Manuel Miranda",
      "album": "Hamilton",
      "track": "The Story of Tonight",
      "uri": "spotify:track:0NJWhm3hUwIZSy5s0TGJ8q"
    },
    {
      "artist": "Cage The Elephant",
      "album": "Thank You Happy Birthday",
      "track": "Right Before My Eyes",
      "uri": "spotify:track:4P9Is01ZpRpI4n9BOufUTu"
    },
    {
      "artist": "Cage The Elephant",
      "album": "Social Cues",
      "track": "Tokyo Smoke",
      "uri": "spotify:track:3POYMPJ0HJGtBc7aO2H7QV"
    },
    {
      "artist": "Empire Of The Sun",
      "album": "Walking On A Dream",
      "track": "Walking On A Dream",
      "uri": "spotify:track:0mBkoM8r7KAQzZij5swTUL"
    },
    {
      "artist": "Cage The Elephant",
      "album": "Tell Me I'm Pretty",
      "track": "Cry Baby",
      "uri": "spotify:track:1t8uwF2zfqsqy0s4EtWDrS"
    },
    {
      "artist": "Jason Derulo",
      "album": "Future History",
      "track": "It Girl",
      "uri": "spotify:track:4fINc8dnfcz7AdhFYVA4i7"
    },
    {
      "artist": "Cage The Elephant",
      "album": "Melophobia",
      "track": "Hypocrite",
      "uri": "spotify:track:4XrQ1D9Z1iwKMljqL2elgK"
    },
    {
      "artist": "Daveed Diggs",
      "album": "Hamilton",
      "track": "The Election of 1800",
      "uri": "spotify:track:0LpHC9mhPAQC98IjXZIrif"
    },
    {
      "artist": "Cage The Elephant",
      "album": "Melophobia",
      "track": "Come A Little Closer",
      "uri": "spotify:track:7oWbeO9v3Cfs900q7JhLAs"
    },
    {
      "artist": "Cage The Elephant",
      "album": "Cage The Elephant",
      "track": "Tiny Little Robots",
      "uri": "spotify:track:51EGls3SmQZNRyOAu5HmZQ"
    },
    {
      "artist": "Cage The Elephant",
      "album": "Thank You Happy Birthday",
      "track": "Japanese Buffalo",
      "uri": "spotify:track:7uHwZaROlb4EK3dBNJMghU"
    },
    {
      "artist": "Sticky Fingers",
      "album": "Westway (The Glitter & The Slums)",
      "track": "Flight 101",
      "uri": "spotify:track:3u1CiEfZVK7s0aqbSqvn5s"
    },
    {
      "artist": "Original Broadway Cast of Hamilton",
      "album": "Hamilton",
      "track": "Stay Alive",
      "uri": "spotify:track:27MB0qHaYAZiTlwg25js1Y"
    },
    {
      "artist": "Cage The Elephant",
      "album": "Social Cues",
      "track": "What I'm Becoming",
      "uri": "spotify:track:1U5dJjrL6yq7IH6keAyWOe"
    },
    {
      "artist": "Red Hot Chili Peppers",
      "album": "Californication",
      "track": "Scar Tissue",
      "uri": "spotify:track:1G391cbiT3v3Cywg8T7DM1"
    },
    {
      "artist": "Tom Grennan",
      "album": "Lighting Matches (Deluxe)",
      "track": "Sweet Hallelujah",
      "uri": "spotify:track:4msuenfPTuk9AcZ8qMQ2v6"
    },
    {
      "artist": "AJR",
      "album": "OK ORCHESTRA",
      "track": "Bang!",
      "uri": "spotify:track:2I2AqFb0f9UNnolWc2MafC"
    },
    {
      "artist": "Djo",
      "album": "DECIDE",
      "track": "End of Beginning",
      "uri": "spotify:track:3qhlB30KknSejmIvZZLjOD"
    },
    {
      "artist": "Jonathan Groff",
      "album": "Hamilton",
      "track": "I Know Him",
      "uri": "spotify:track:4eeN8erNIbW2osT0knz5vT"
    },
    {
      "artist": "Tenacious D",
      "album": "Tenacious D",
      "track": "Tribute",
      "uri": "spotify:track:6crBy2sODw2HS53xquM6us"
    },
    {
      "artist": "Renée Elise Goldsberry",
      "album": "Hamilton",
      "track": "It's Quiet Uptown",
      "uri": "spotify:track:40LYL1Z6xgCn5cBybo5K0D"
    },
    {
      "artist": "Fleetwood Mac",
      "album": "Rumours",
      "track": "The Chain - 2004 Remaster",
      "uri": "spotify:track:7Dm3dV3WPNdTgxoNY7YFnc"
    },
    {
      "artist": "Original Broadway Cast of Hamilton",
      "album": "Hamilton",
      "track": "Who Lives, Who Dies, Who Tells Your Story",
      "uri": "spotify:track:7EsSVPxaYoAZjQwhspJBs2"
    },
    {
      "artist": "Why Don't We",
      "album": "8 Letters",
      "track": "Talk",
      "uri": "spotify:track:6rsm9NTgl9kKPatf7S1yCS"
    },
    {
      "artist": "Cage The Elephant",
      "album": "Out Loud",
      "track": "Neon Pill",
      "uri": "spotify:track:21ZJFA0LBmAPrqP9RADbYH"
    },
    {
      "artist": "Tom Grennan",
      "album": "Lighting Matches (Deluxe)",
      "track": "Secret Lover",
      "uri": "spotify:track:6Qma6WXV2sIH3icSlrxXHq"
    },
    {
      "artist": "Slowdive",
      "album": "Souvlaki",
      "track": "When the Sun Hits",
      "uri": "spotify:track:0oxYB9GoOIDrdzniNdKC44"
    },
    {
      "artist": "alt-J",
      "album": "An Awesome Wave",
      "track": "Breezeblocks",
      "uri": "spotify:track:3Wu6MhnZuLuzfH5wFC2g9i"
    },
    {
      "artist": "Tom Grennan",
      "album": "Lighting Matches (Deluxe)",
      "track": "Praying",
      "uri": "spotify:track:6PtNrYjnnXwe7TJE6Ker1L"
    },
    {
      "artist": "5 Seconds of Summer",
      "album": "5 Seconds Of Summer",
      "track": "She Looks So Perfect",
      "uri": "spotify:track:1gugDOSMREb34Xo0c1PlxM"
    },
    {
      "artist": "Original Broadway Cast of Hamilton",
      "album": "Hamilton",
      "track": "The Adams Administration",
      "uri": "spotify:track:68Ijc4fPmT3P5BN6Vrl2s2"
    },
    {
      "artist": "Leslie Odom Jr.",
      "album": "Hamilton",
      "track": "Guns and Ships",
      "uri": "spotify:track:7m9XR7FquXLP1FewdAcNS9"
    },
    {
      "artist": "Lin-Manuel Miranda",
      "album": "Hamilton",
      "track": "Hurricane",
      "uri": "spotify:track:16sNPUamj4vnA7uQLozRpU"
    },
    {
      "artist": "Kanye West",
      "album": "ye",
      "track": "No Mistakes",
      "uri": "spotify:track:1DdgqEZk4Hqfpl3drdXJun"
    },
    {
      "artist": "Cage The Elephant",
      "album": "Melophobia",
      "track": "Telescope",
      "uri": "spotify:track:272WzJYX3bXteV3cbfGeK6"
    },
    {
      "artist": "Cage The Elephant",
      "album": "Tell Me I'm Pretty",
      "track": "How Are You True",
      "uri": "spotify:track:6vcdiwrCVXnTLASFdjEV8r"
    },
    {
      "artist": "Ana Olgica",
      "album": "Sugarcane",
      "track": "Sugarcane",
      "uri": "spotify:track:6uWjjaiquXsjuQuks2mZME"
    },
    {
      "artist": "The La's",
      "album": "The La's",
      "track": "There She Goes",
      "uri": "spotify:track:4c6vZqYHFur11FbWATIJ9P"
    },
    {
      "artist": "Cage The Elephant",
      "album": "Cage The Elephant",
      "track": "Drones In The Valley",
      "uri": "spotify:track:1N9o4PjCKun55rtQHlDHYO"
    },
    {
      "artist": "Cage The Elephant",
      "album": "House Of Glass",
      "track": "House Of Glass",
      "uri": "spotify:track:6PntjGhsLWsNlWfXnazHIY"
    },
    {
      "artist": "Cage The Elephant",
      "album": "Good Time",
      "track": "Out Loud",
      "uri": "spotify:track:5nVnqil5VX36JGDgK1OX3Z"
    },
    {
      "artist": "Taylor Swift",
      "album": "folklore",
      "track": "betty",
      "uri": "spotify:track:5kI4eCXXzyuIUXjQra0Cxi"
    },
    {
      "artist": "Ren",
      "album": "Demos(Do Not Share), Vol. I",
      "track": "Money Game, Pt. 2",
      "uri": "spotify:track:42tQUVtqTGkwcCThHvAbUu"
    },
    {
      "artist": "Neil Young",
      "album": "Decade",
      "track": "Heart of Gold",
      "uri": "spotify:track:6XDdmCAuodZfXtEgJcxpS2"
    },
    {
      "artist": "Cage The Elephant",
      "album": "Cage The Elephant",
      "track": "Ain't No Rest For The Wicked - Nokia Green Room Session",
      "uri": "spotify:track:41QoUdwcmw2688WgMRLSYS"
    },
    {
      "artist": "Lil Wayne",
      "album": "Suicide Squad: The Album",
      "track": "Sucker for Pain (with Wiz Khalifa, Imagine Dragons, Logic & Ty Dolla $ign feat. X Ambassadors)",
      "uri": "spotify:track:7qUJQSNX9QNf46CC6FgH66"
    },
    {
      "artist": "The Goo Goo Dolls",
      "album": "Greatest Hits Volume One - The Singles",
      "track": "Iris",
      "uri": "spotify:track:6vrUTGn5p8IrfTZ0J6sIVM"
    },
    {
      "artist": "Tom Grennan",
      "album": "Lighting Matches (Deluxe)",
      "track": "Found What I've Been Looking For",
      "uri": "spotify:track:4Gw1SXoN1MlAmdM3J1NjmR"
    },
    {
      "artist": "Empire Of The Sun",
      "album": "Walking On A Dream",
      "track": "Half Mast",
      "uri": "spotify:track:49Hkgl03InFFqBklOQxunt"
    },
    {
      "artist": "Renée Elise Goldsberry",
      "album": "Hamilton",
      "track": "Satisfied",
      "uri": "spotify:track:3dP0pLbg9OfVwssDjp9aT0"
    },
    {
      "artist": "Thayne Jasperson",
      "album": "Hamilton",
      "track": "Farmer Refuted",
      "uri": "spotify:track:2G9lekfCh83S0lt2yfffBz"
    },
    {
      "artist": "Blossoms",
      "album": "The Sulking Poet",
      "track": "The Sulking Poet",
      "uri": "spotify:track:3ZCVtNy6NDzG0SUx5VBkvH"
    },
    {
      "artist": "Arctic Monkeys",
      "album": "AM",
      "track": "I Wanna Be Yours",
      "uri": "spotify:track:5XeFesFbtLpXzIVDNQP22n"
    },
    {
      "artist": "Vistas",
      "album": "The Love You Give",
      "track": "The Love You Give",
      "uri": "spotify:track:6vAIgTrOffNY9114GU0MHD"
    },
    {
      "artist": "5 Seconds of Summer",
      "album": "5 Seconds Of Summer",
      "track": "Amnesia",
      "uri": "spotify:track:0dIOvducp7ujHTqj66cQ3X"
    },
    {
      "artist": "Cage The Elephant",
      "album": "Cage The Elephant",
      "track": "Free Love",
      "uri": "spotify:track:3Z6ETjM5rE0JJ1Ms7nMd9p"
    },
    {
      "artist": "Louane",
      "album": "Chambre 12",
      "track": "Avenir - Radio Edit",
      "uri": "spotify:track:7culxZiBjN3w3yXqxgKIpD"
    },
    {
      "artist": "Playdate",
      "album": "Windows Forever",
      "track": "Windows Forever",
      "uri": "spotify:track:2TAYq1vEG0TVDYXwfsDsg9"
    },
    {
      "artist": "Cage The Elephant",
      "album": "Tell Me I'm Pretty",
      "track": "Cold Cold Cold",
      "uri": "spotify:track:1Q3t9fWvHUXKsMmpD2XpUu"
    },
    {
      "artist": "The Stone Roses",
      "album": "The Stone Roses",
      "track": "Waterfall - Remastered 2009",
      "uri": "spotify:track:4CWgqHRJjDLd2PCedMz8eY"
    },
    {
      "artist": "Why Don't We",
      "album": "8 Letters",
      "track": "Hard",
      "uri": "spotify:track:2xj3BQ7AzGTwUWaroRTVCx"
    },
    {
      "artist": "Cage The Elephant",
      "album": "Melophobia",
      "track": "Hypocrite",
      "uri": "spotify:track:1wZmMmubcOIlPHtfF46F7v"
    },
    {
      "artist": "The Wombats",
      "album": "Beautiful People Will Ruin Your Life",
      "track": "Lemon to a Knife Fight",
      "uri": "spotify:track:3QRqzF6rX9nZbTGQvBU5bN"
    },
    {
      "artist": "Phillipa Soo",
      "album": "Hamilton",
      "track": "Burn",
      "uri": "spotify:track:4B3qvzOMzLQXLeYgPsG3KA"
    },
    {
      "artist": "Kanye West",
      "album": "ye",
      "track": "Yikes",
      "uri": "spotify:track:2r4JRwcbIeuAzWjH4YXlLs"
    }
  ],
  "albums": [
    {
      "artist": "Cage The Elephant",
      "album": "Cage The Elephant",
      "uri": "spotify:album:0c1yNi1MuGlcNrCzU2kDVE"
    },
    {
      "artist": "George Ezra",
      "album": "Anyone For You (Tiger Lily)",
      "uri": "spotify:album:7H1EYBP5XYudqRhjL5vG5j"
    },
    {
      "artist": "Cage The Elephant",
      "album": "House Of Glass",
      "uri": "spotify:album:2oi6UxqzjwrOTAUzQEBKQE"
    },
    {
      "artist": "Ed Sheeran",
      "album": "No.6 Collaborations Project",
      "uri": "spotify:album:3oIFxDIo2fwuk4lwCmFZCx"
    },
    {
      "artist": "George Ezra",
      "album": "Wanted on Voyage",
      "uri": "spotify:album:6mcMKGEgukjyiR5IKElQ2E"
    },
    {
      "artist": "Cage The Elephant",
      "album": "Neon Pill",
      "uri": "spotify:album:2dGlEut1TyhAyApZ0ADIsd"
    },
    {
      "artist": "AJR",
      "album": "The Click",
      "uri": "spotify:album:2nwTJuSqvCygeyI8U7vpeI"
    },
    {
      "artist": "BoyWithUke",
      "album": "Serotonin Dreams",
      "uri": "spotify:album:1I79ZTFJ5FVLwMYRWvhk73"
    },
    {
      "artist": "Taylor Swift",
      "album": "folklore",
      "uri": "spotify:album:1pzvBxYgT6OVwJLtHkrdQK"
    },
    {
      "artist": "Larkins",
      "album": "JCOY",
      "uri": "spotify:album:5Vt9tMk5AfvSpcYerd1ToZ"
    },
    {
      "artist": "Maroon 5",
      "album": "Songs About Jane",
      "uri": "spotify:album:1Rv9WRKyYhFaGbuYDaQunN"
    },
    {
      "artist": "Cage The Elephant",
      "album": "Tell Me I'm Pretty",
      "uri": "spotify:album:0nW0w37lrQ87k7PLZvC4qJ"
    },
    {
      "artist": "Kygo",
      "album": "Born To Be Yours",
      "uri": "spotify:album:31J0UqxAkl9utyC0L59Mae"
    },
    {
      "artist": "Various Artists",
      "album": "Dear Evan Hansen (Original Broadway Cast Recording)",
      "uri": "spotify:album:0LhDyJXelg31FKLW5GDcKi"
    },
    {
      "artist": "Cage The Elephant",
      "album": "Neon Pill",
      "uri": "spotify:album:0wXH96NWr3scCMVuVuAkt1"
    },
    {
      "artist": "Various Artists",
      "album": "Suicide Squad: The Album",
      "uri": "spotify:album:5rOHrnrRomvSJhQLGVtfJ8"
    },
    {
      "artist": "Justin Timberlake",
      "album": "Everything I Thought It Was",
      "uri": "spotify:album:716B2iWcwoKolCXrqwLGQh"
    },
    {
      "artist": "Cage The Elephant",
      "album": "Social Cues",
      "uri": "spotify:album:2VuZJsJBPLwg9BeQFQle8G"
    },
    {
      "artist": "Jordan Davis",
      "album": "Good News Sold",
      "uri": "spotify:album:0z3clvkLiQYa5q6bIcrODQ"
    },
    {
      "artist": "Cage The Elephant",
      "album": "Ready To Let Go",
      "uri": "spotify:album:17fN3RotHXPCJO1e2Yi8fr"
    },
    {
      "artist": "Carly Rae Jepsen",
      "album": "The Loveliest Time",
      "uri": "spotify:album:4bRYGKmKOkXvKL1QBf0cGk"
    },
    {
      "artist": "George Ezra",
      "album": "Staying at Tamara's",
      "uri": "spotify:album:2NaulYO6lGXTyIzWTJvRJj"
    },
    {
      "artist": "Kanye West",
      "album": "ye",
      "uri": "spotify:album:5EBGCvO6upi3GNknMVe9x9"
    },
    {
      "artist": "Olly Murs",
      "album": "In Case You Didn't Know",
      "uri": "spotify:album:2OvZ8JCShhvxNkptwoGjve"
    },
    {
      "artist": "Taylor Swift",
      "album": "Red (Taylor's Version)",
      "uri": "spotify:album:6kZ42qRrzov54LcAk4onW9"
    },
    {
      "artist": "Why Don't We",
      "album": "8 Letters",
      "uri": "spotify:album:2qIbHfs93z6eDwGoAdCkXA"
    },
    {
      "artist": "Måneskin",
      "album": "SUPERMODEL",
      "uri": "spotify:album:5jhbLeXH1a3SRSOg84GSUn"
    },
    {
      "artist": "Lin-Manuel Miranda",
      "album": "Hamilton",
      "uri": "spotify:album:1kCHru7uhxBUdzkm4gzRQc"
    },
    {
      "artist": "Cage The Elephant",
      "album": "Thank You Happy Birthday",
      "uri": "spotify:album:2jVxhH1xg6EIc87rGM1Ogt"
    },
    {
      "artist": "Cage The Elephant",
      "album": "Melophobia",
      "uri": "spotify:album:0H6DSMuGSRC25Ka7PE4O4q"
    },
    {
      "artist": "Guillaume David",
      "album": "Warhammer 40,000: Mechanicus (Original Soundtrack)",
      "uri": "spotify:album:573tydf3J6ifCpWOMLnVk7"
    },
    {
      "artist": "Tom Grennan",
      "album": "Lighting Matches (Deluxe)",
      "uri": "spotify:album:3NBXFA91U38BuJt3SlMwlI"
    }
  ],
  "shows": [
    {
      "name": "CHRIS EVANS - HOW TO WOW",
      "publisher": "Chris Evans",
      "uri": "spotify:show:05TAWIkEjXdEGpl6dRDqyW"
    },
    {
      "name": "Chemistry in its Element",
      "publisher": "Chemistry World",
      "uri": "spotify:show:7cOrOvnIDghxBjrKuH4Jgs"
    },
    {
      "name": "F1: Beyond The Grid",
      "publisher": "Formula 1",
      "uri": "spotify:show:44YvwJyqsCEEhNZBxuXZQ9"
    },
    {
      "name": "Leeds Voices",
      "publisher": "Leeds Alumni",
      "uri": "spotify:show:1bfrmb4lyLIyB1aZRLWzcU"
    },
    {
      "name": "The High Performance Podcast",
      "publisher": "High Performance",
      "uri": "spotify:show:3WKI7p6tuq6kJRw1xfRS7Q"
    },
    {
      "name": "They Behave For Me",
      "publisher": "Adam Boxer and Amy Forrester",
      "uri": "spotify:show:0FWXOO5a6aHTMNZmcjPELv"
    }
  ],
  "episodes": [
    {
      "name": "#21 - Matthew McConaughey",
      "show": "CHRIS EVANS - HOW TO WOW",
      "uri": "spotify:episode:2pmxJlW7QcfEVs80YBUBLq"
    },
    {
      "name": "FullAudiobook --The Subtle Art Of Not Giving A Fck$",
      "show": "Dealership Detailing Podcast",
      "uri": "spotify:episode:2bdirLyLYYoAyMLb2Yzo3S"
    },
    {
      "name": "E30 - Matthew McConaughey: Looking for life’s green lights",
      "show": "The High Performance Podcast",
      "uri": "spotify:episode:4yJlJDRi9XQ6C1AW4fZQ2R"
    },
    {
      "name": "Vet Times Extra: Toxocara prevalence in the environment – why should we care? – with Eric Morgan",
      "show": "Vet Times Podcast",
      "uri": "spotify:episode:0WSNKhTN0oddAPCs2ZONvN"
    },
    {
      "name": "Podcast Special: Dylan Wiliam On Effective Questioning In The Classroom",
      "show": "Teacher Magazine (ACER)",
      "uri": "spotify:episode:7LHMGgZtaSJo1D2XBixxUS"
    },
    {
      "name": "Veterinary Breakroom: Is Euthanasia Really the Hardest Part of the Job?",
      "show": "Clinician's Brief: The Podcast",
      "uri": "spotify:episode:1k9eXVCbE9JVX6WfGnNmBO"
    }
  ],
  "bannedTracks": [
  ],
  "artists": [
    {
      "name": "August Charles",
      "uri": "spotify:artist:36Lyedrxvj4wAPFvBK5O1S"
    },
    {
      "name": "Bad Suns",
      "uri": "spotify:artist:0YhUSm86okLWldQVwJkLlP"
    },
    {
      "name": "Black Honey",
      "uri": "spotify:artist:2oVmQT6s29pVIKpqJkyxBS"
    },
    {
      "name": "Blossoms",
      "uri": "spotify:artist:22RISwgVJyZu9lpqAcv1F5"
    },
    {
      "name": "Bon Jovi",
      "uri": "spotify:artist:58lV9VcRSjABbAbfWS6skp"
    },
    {
      "name": "Cage The Elephant",
      "uri": "spotify:artist:26T3LtbuGT1Fu9m0eRq5X3"
    },
    {
      "name": "Catfish and the Bottlemen",
      "uri": "spotify:artist:2xaAOVImG2O6lURwqperlD"
    },
    {
      "name": "Circa Waves",
      "uri": "spotify:artist:6hl5k4gLl1p3sjhHcb57t2"
    },
    {
      "name": "David Guetta",
      "uri": "spotify:artist:1Cs0zKBU1kc0i8ypK3B9ai"
    },
    {
      "name": "Dea Matrona",
      "uri": "spotify:artist:2mjBLM7k51GwUPhN1miEHY"
    },
    {
      "name": "Dire Straits",
      "uri": "spotify:artist:0WwSkZ7LtFUFjGjMZBMt6T"
    },
    {
      "name": "Eminem",
      "uri": "spotify:artist:7dGJo4pcD2V6oG8kP0tJRR"
    },
    {
      "name": "Fontaines D.C.",
      "uri": "spotify:artist:3SXwqSqAoBz9WCI9PDQzY6"
    },
    {
      "name": "Frank Ocean",
      "uri": "spotify:artist:2h93pZq0e7k5yf4dywlkpM"
    },
    {
      "name": "George Ezra",
      "uri": "spotify:artist:2ysnwxxNtSgbb9t1m2Ur4j"
    },
    {
      "name": "Guns N' Roses",
      "uri": "spotify:artist:3qm84nBOXUEQ2vnTfUTTFC"
    },
    {
      "name": "Imagine Dragons",
      "uri": "spotify:artist:53XhwfbYqKCa1cC15pYq2q"
    },
    {
      "name": "Jimi Hendrix",
      "uri": "spotify:artist:776Uo845nYHJpNaStv1Ds4"
    },
    {
      "name": "Larkins",
      "uri": "spotify:artist:6cCfC12LHtD5XIc1rLsm8Y"
    },
    {
      "name": "Martin Luke Brown",
      "uri": "spotify:artist:7L2rePM60cIztWZ7cLlskE"
    },
    {
      "name": "Måneskin",
      "uri": "spotify:artist:0lAWpj5szCSwM4rUMHYmrr"
    },
    {
      "name": "Phoebe Hall",
      "uri": "spotify:artist:3WaAMZL6ZWyDkvxYro8kbw"
    },
    {
      "name": "Plantfood",
      "uri": "spotify:artist:7cyfKXUHcgckmpciDHSsoR"
    },
    {
      "name": "RAT BOY",
      "uri": "spotify:artist:2PmIyxmEFsNfQJjEifPDZC"
    },
    {
      "name": "Slowdive",
      "uri": "spotify:artist:72X6FHxaShda0XeQw3vbeF"
    },
    {
      "name": "Sticky Fingers",
      "uri": "spotify:artist:3ZGr7nQBXDU2WhyXgRVbt0"
    },
    {
      "name": "Tenacious D",
      "uri": "spotify:artist:1XpDYCrUJnvCo9Ez6yeMWh"
    },
    {
      "name": "The 1975",
      "uri": "spotify:artist:3mIj9lX2MWuHmhNCA7LSCW"
    },
    {
      "name": "The Clause",
      "uri": "spotify:artist:7KpYPnMoADYtIMt1XPvmzZ"
    },
    {
      "name": "The Darkness",
      "uri": "spotify:artist:5r1bdqzhgRoHC3YcCV6N5a"
    },
    {
      "name": "The Tragically Hip",
      "uri": "spotify:artist:0YMeriqrS3zgsX24nfY0F0"
    },
    {
      "name": "The Wombats",
      "uri": "spotify:artist:0Ya43ZKWHTKkAbkoJJkwIB"
    },
    {
      "name": "The xx",
      "uri": "spotify:artist:3iOvXCl6edW5Um0fXEBRXy"
    },
    {
      "name": "Toploader",
      "uri": "spotify:artist:6xeFne1rkxMhKSW3ipvkdV"
    },
    {
      "name": "Wham!",
      "uri": "spotify:artist:5lpH0xAS4fVfLkACg9DAuM"
    }
  ],
  "bannedArtists": [
  ],
  "other": [
  ]
}