[
  {
    "ts": "2022-11-30T22:01:43Z",
    "platform": "android",
    "ms_played": 3850,
    "conn_country": "GB",
    "ip_addr": "109.151.112.28",
    "master_metadata_track_name": "Hold That Heat (feat. Travis Scott)",
    "master_metadata_album_artist_name": "Southside",
    "master_metadata_album_album_name": "Hold That Heat (feat. Travis Scott)",
    "spotify_track_uri": "spotify:track:6OrTKLtcF7EBayOV2QqkSK",
    "episode_name": null,
    "episode_show_name": null,
    "spotify_episode_uri": null,
    "audiobook_title": null,
    "audiobook_uri": null,
    "audiobook_chapter_uri": null,
    "audiobook_chapter_title": null,
    "reason_start": "unknown",
    "reason_end": "endplay",
    "shuffle": false,
    "skipped": true,
    "offline": null,
    "offline_timestamp": null,
    "incognito_mode": false
  },
  {
    "ts": "2022-11-30T22:01:45Z",
    "platform": "android",
    "ms_played": 4215,
    "conn_country": "GB",
    "ip_addr": "109.151.112.28",
    "master_metadata_track_name": "Oysters In My Pocket",
    "master_metadata_album_artist_name": "Royel Otis",
    "master_metadata_album_album_name": "Oysters In My Pocket",
    "spotify_track_uri": "spotify:track:2B664ulJSVBd6B8SAY3Wux",
    "episode_name": null,
    "episode_show_name": null,
    "spotify_episode_uri": null,
    "audiobook_title": null,
    "audiobook_uri": null,
    "audiobook_chapter_uri": null,
    "audiobook_chapter_title": null,
    "reason_start": "unknown",
    "reason_end": "endplay",
    "shuffle": false,
    "skipped": true,
    "offline": null,
    "offline_timestamp": null,
    "incognito_mode": false
  },
  {
    "ts": "2022-11-30T22:01:47Z",
    "platform": "android",
    "ms_played": 1737,
    "conn_country": "GB",
    "ip_addr": "109.151.112.28",
    "master_metadata_track_name": "SOMALIA",
    "master_metadata_album_artist_name": "Mexelio",
    "master_metadata_album_album_name": "SOMALIA",
    "spotify_track_uri": "spotify:track:0lw9bPlEIjjw3aajXhd2hQ",
    "episode_name": null,
    "episode_show_name": null,
    "spotify_episode_uri": null,
    "audiobook_title": null,
    "audiobook_uri": null,
    "audiobook_chapter_uri": null,
    "audiobook_chapter_title": null,
    "reason_start": "unknown",
    "reason_end": "endplay",
    "shuffle": false,
    "skipped": true,
    "offline": null,
    "offline_timestamp": null,
    "incognito_mode": false
  },
  {
    "ts": "2022-11-30T22:01:48Z",
    "platform": "android",
    "ms_played": 1689,
    "conn_country": "GB",
    "ip_addr": "109.151.112.28",
    "master_metadata_track_name": "Work Out",
    "master_metadata_album_artist_name": "Rainbow Kitten Surprise",
    "master_metadata_album_album_name": "Work Out",
    "spotify_track_uri": "spotify:track:1wQhpsuVJFxrvESjqUvlkt",
    "episode_name": null,
    "episode_show_name": null,
    "spotify_episode_uri": null,
    "audiobook_title": null,
    "audiobook_uri": null,
    "audiobook_chapter_uri": null,
    "audiobook_chapter_title": null,
    "reason_start": "unknown",
    "reason_end": "endplay",
    "shuffle": false,
    "skipped": true,
    "offline": null,
    "offline_timestamp": null,
    "incognito_mode": false
  },
  {
    "ts": "2022-11-30T22:01:50Z",
    "platform": "android",
    "ms_played": 1228,
    "conn_country": "GB",
    "ip_addr": "109.151.112.28",
    "master_metadata_track_name": "pg baby",
    "master_metadata_album_artist_name": "redveil",
    "master_metadata_album_album_name": "learn 2 swim",
    "spotify_track_uri": "spotify:track:2qfPBPq9BEVEd1GF4UH96H",
    "episode_name": null,
    "episode_show_name": null,
    "spotify_episode_uri": null,
    "audiobook_title": null,
    "audiobook_uri": null,
    "audiobook_chapter_uri": null,
    "audiobook_chapter_title": null,
    "reason_start": "unknown",
    "reason_end": "endplay",
    "shuffle": false,
    "skipped": true,
    "offline": null,
    "offline_timestamp": null,
    "incognito_mode": false
  },
  {
    "ts": "2022-11-30T22:01:51Z",
    "platform": "android",
    "ms_played": 1544,
    "conn_country": "GB",
    "ip_addr": "109.151.112.28",
    "master_metadata_track_name": "Bruises",
    "master_metadata_album_artist_name": "Jordan Rakei",
    "master_metadata_album_album_name": "Bruises",
    "spotify_track_uri": "spotify:track:4zuzAypEjNbmkfpMaef7AB",
    "episode_name": null,
    "episode_show_name": null,
    "spotify_episode_uri": null,
    "audiobook_title": null,
    "audiobook_uri": null,
    "audiobook_chapter_uri": null,
    "audiobook_chapter_title": null,
    "reason_start": "unknown",
    "reason_end": "endplay",
    "shuffle": false,
    "skipped": true,
    "offline": null,
    "offline_timestamp": null,
    "incognito_mode": false
  },
  {
    "ts": "2022-11-30T22:01:51Z",
    "platform": "android",
    "ms_played": 0,
    "conn_country": "GB",
    "ip_addr": "109.151.112.28",
    "master_metadata_track_name": "Stick (with JID & J. Cole feat. Kenny Mason & Sheck Wes)",
    "master_metadata_album_artist_name": "Dreamville",
    "master_metadata_album_album_name": "D-Day: A Gangsta Grillz Mixtape",
    "spotify_track_uri": "spotify:track:1BzXvBpIFWJgu0P8P6xmP4",
    "episode_name": null,
    "episode_show_name": null,
    "spotify_episode_uri": null,
    "audiobook_title": null,
    "audiobook_uri": null,
    "audiobook_chapter_uri": null,
    "audiobook_chapter_title": null,
    "reason_start": "unknown",
    "reason_end": "endplay",
    "shuffle": false,
    "skipped": true,
    "offline": null,
    "offline_timestamp": null,
    "incognito_mode": false
  },
  {
    "ts": "2022-11-30T22:01:51Z",
    "platform": "android",
    "ms_played": 0,
    "conn_country": "GB",
    "ip_addr": "109.151.112.28",
    "master_metadata_track_name": "icarus",
    "master_metadata_album_artist_name": "luvbug",
    "master_metadata_album_album_name": "icarus",
    "spotify_track_uri": "spotify:track:3cAK5VHqrLE1qqkIPXdiqH",
    "episode_name": null,
    "episode_show_name": null,
    "spotify_episode_uri": null,
    "audiobook_title": null,
    "audiobook_uri": null,
    "audiobook_chapter_uri": null,
    "audiobook_chapter_title": null,
    "reason_start": "unknown",
    "reason_end": "endplay",
    "shuffle": false,
    "skipped": true,
    "offline": null,
    "offline_timestamp": null,
    "incognito_mode": false
  },
  {
    "ts": "2022-11-30T22:01:52Z",
    "platform": "android",
    "ms_played": 1571,
    "conn_country": "GB",
    "ip_addr": "109.151.112.28",
    "master_metadata_track_name": "Driving South",
    "master_metadata_album_artist_name": "Goth Babe",
    "master_metadata_album_album_name": "Santa Catalina",
    "spotify_track_uri": "spotify:track:1Mp50vmIphq9ui2UUJoX3m",
    "episode_name": null,
    "episode_show_name": null,
    "spotify_episode_uri": null,
    "audiobook_title": null,
    "audiobook_uri": null,
    "audiobook_chapter_uri": null,
    "audiobook_chapter_title": null,
    "reason_start": "unknown",
    "reason_end": "endplay",
    "shuffle": false,
    "skipped": true,
    "offline": null,
    "offline_timestamp": null,
    "incognito_mode": false
  },
  {
    "ts": "2023-03-25T16:47:46Z",
    "platform": "android",
    "ms_played": 0,
    "conn_country": "GB",
    "ip_addr": "31.94.34.40",
    "master_metadata_track_name": "Solitude",
    "master_metadata_album_artist_name": "Billie Holiday",
    "master_metadata_album_album_name": "Solitude",
    "spotify_track_uri": "spotify:track:30QD4VRP9yEneOh0eGTrtJ",
    "episode_name": null,
    "episode_show_name": null,
    "spotify_episode_uri": null,
    "audiobook_title": null,
    "audiobook_uri": null,
    "audiobook_chapter_uri": null,
    "audiobook_chapter_title": null,
    "reason_start": "unknown",
    "reason_end": "endplay",
    "shuffle": false,
    "skipped": true,
    "offline": null,
    "offline_timestamp": null,
    "incognito_mode": false
  },
  {
    "ts": "2023-03-25T16:47:48Z",
    "platform": "android",
    "ms_played": 0,
    "conn_country": "GB",
    "ip_addr": "31.94.34.40",
    "master_metadata_track_name": "Evergreen (You Didn’t Deserve Me At All)",
    "master_metadata_album_artist_name": "Omar Apollo",
    "master_metadata_album_album_name": "Ivory",
    "spotify_track_uri": "spotify:track:2TktkzfozZifbQhXjT6I33",
    "episode_name": null,
    "episode_show_name": null,
    "spotify_episode_uri": null,
    "audiobook_title": null,
    "audiobook_uri": null,
    "audiobook_chapter_uri": null,
    "audiobook_chapter_title": null,
    "reason_start": "unknown",
    "reason_end": "endplay",
    "shuffle": false,
    "skipped": true,
    "offline": null,
    "offline_timestamp": null,
    "incognito_mode": false
  },
  {
    "ts": "2023-03-25T16:47:48Z",
    "platform": "android",
    "ms_played": 0,
    "conn_country": "GB",
    "ip_addr": "31.94.34.40",
    "master_metadata_track_name": "Hey Lover!",
    "master_metadata_album_artist_name": "Wabie",
    "master_metadata_album_album_name": "Cyclones and Hey Lover",
    "spotify_track_uri": "spotify:track:7rC3P7tpWriaC4hYWKwGQd",
    "episode_name": null,
    "episode_show_name": null,
    "spotify_episode_uri": null,
    "audiobook_title": null,
    "audiobook_uri": null,
    "audiobook_chapter_uri": null,
    "audiobook_chapter_title": null,
    "reason_start": "unknown",
    "reason_end": "endplay",
    "shuffle": false,
    "skipped": true,
    "offline": null,
    "offline_timestamp": null,
    "incognito_mode": false
  },
  {
    "ts": "2023-03-25T16:47:48Z",
    "platform": "android",
    "ms_played": 0,
    "conn_country": "GB",
    "ip_addr": "31.94.34.40",
    "master_metadata_track_name": "Solitude",
    "master_metadata_album_artist_name": "Billie Holiday",
    "master_metadata_album_album_name": "Solitude",
    "spotify_track_uri": "spotify:track:30QD4VRP9yEneOh0eGTrtJ",
    "episode_name": null,
    "episode_show_name": null,
    "spotify_episode_uri": null,
    "audiobook_title": null,
    "audiobook_uri": null,
    "audiobook_chapter_uri": null,
    "audiobook_chapter_title": null,
    "reason_start": "unknown",
    "reason_end": "endplay",
    "shuffle": false,
    "skipped": true,
    "offline": null,
    "offline_timestamp": null,
    "incognito_mode": false
  },
  {
    "ts": "2023-03-25T16:47:48Z",
    "platform": "android",
    "ms_played": 0,
    "conn_country": "GB",
    "ip_addr": "31.94.34.40",
    "master_metadata_track_name": "Bound",
    "master_metadata_album_artist_name": "The Ponderosa Twins Plus One",
    "master_metadata_album_album_name": "2+2+1=",
    "spotify_track_uri": "spotify:track:0AqE2nClzllWavHbkC2AeZ",
    "episode_name": null,
    "episode_show_name": null,
    "spotify_episode_uri": null,
    "audiobook_title": null,
    "audiobook_uri": null,
    "audiobook_chapter_uri": null,
    "audiobook_chapter_title": null,
    "reason_start": "unknown",
    "reason_end": "endplay",
    "shuffle": false,
    "skipped": true,
    "offline": null,
    "offline_timestamp": null,
    "incognito_mode": false
  },
  {
    "ts": "2023-04-21T15:43:28Z",
    "platform": "android",
    "ms_played": 10341,
    "conn_country": "GB",
    "ip_addr": "31.25.4.17",
    "master_metadata_track_name": "shy little frog",
    "master_metadata_album_artist_name": "Sushisingz",
    "master_metadata_album_album_name": "shy little frog",
    "spotify_track_uri": "spotify:track:7tUeh2EZdMOwN6FBmopYqm",
    "episode_name": null,
    "episode_show_name": null,
    "spotify_episode_uri": null,
    "audiobook_title": null,
    "audiobook_uri": null,
    "audiobook_chapter_uri": null,
    "audiobook_chapter_title": null,
    "reason_start": "unknown",
    "reason_end": "endplay",
    "shuffle": false,
    "skipped": true,
    "offline": null,
    "offline_timestamp": null,
    "incognito_mode": false
  },
  {
    "ts": "2023-04-21T15:43:28Z",
    "platform": "android",
    "ms_played": 0,
    "conn_country": "GB",
    "ip_addr": "31.25.4.17",
    "master_metadata_track_name": "Tough to Be a Bug",
    "master_metadata_album_artist_name": "tinyumbrellas",
    "master_metadata_album_album_name": "Kaleidoscope Towns",
    "spotify_track_uri": "spotify:track:57OZUqFkmjAeaHpcL6tNNE",
    "episode_name": null,
    "episode_show_name": null,
    "spotify_episode_uri": null,
    "audiobook_title": null,
    "audiobook_uri": null,
    "audiobook_chapter_uri": null,
    "audiobook_chapter_title": null,
    "reason_start": "unknown",
    "reason_end": "endplay",
    "shuffle": false,
    "skipped": true,
    "offline": null,
    "offline_timestamp": null,
    "incognito_mode": false
  },
  {
    "ts": "2023-04-21T15:43:28Z",
    "platform": "android",
    "ms_played": 0,
    "conn_country": "GB",
    "ip_addr": "31.25.4.17",
    "master_metadata_track_name": "Bathed In Sound",
    "master_metadata_album_artist_name": "Cosmo Sheldrake",
    "master_metadata_album_album_name": "Bathed In Sound",
    "spotify_track_uri": "spotify:track:6mwrtLH8A8WKk15HnaYoZA",
    "episode_name": null,
    "episode_show_name": null,
    "spotify_episode_uri": null,
    "audiobook_title": null,
    "audiobook_uri": null,
    "audiobook_chapter_uri": null,
    "audiobook_chapter_title": null,
    "reason_start": "unknown",
    "reason_end": "endplay",
    "shuffle": false,
    "skipped": true,
    "offline": null,
    "offline_timestamp": null,
    "incognito_mode": false
  },
  {
    "ts": "2023-05-06T20:47:06Z",
    "platform": "android",
    "ms_played": 1199,
    "conn_country": "GB",
    "ip_addr": "109.151.125.153",
    "master_metadata_track_name": "Bros",
    "master_metadata_album_artist_name": "Wolf Alice",
    "master_metadata_album_album_name": "My Love Is Cool",
    "spotify_track_uri": "spotify:track:2PIcAQiSOayFwJrfWc72Qc",
    "episode_name": null,
    "episode_show_name": null,
    "spotify_episode_uri": null,
    "audiobook_title": null,
    "audiobook_uri": null,
    "audiobook_chapter_uri": null,
    "audiobook_chapter_title": null,
    "reason_start": "unknown",
    "reason_end": "unknown",
    "shuffle": false,
    "skipped": false,
    "offline": null,
    "offline_timestamp": null,
    "incognito_mode": false
  },
  {
    "ts": "2023-05-06T20:47:08Z",
    "platform": "android",
    "ms_played": 0,
    "conn_country": "GB",
    "ip_addr": "109.151.125.153",
    "master_metadata_track_name": "Bros",
    "master_metadata_album_artist_name": "Wolf Alice",
    "master_metadata_album_album_name": "My Love Is Cool",
    "spotify_track_uri": "spotify:track:2PIcAQiSOayFwJrfWc72Qc",
    "episode_name": null,
    "episode_show_name": null,
    "spotify_episode_uri": null,
    "audiobook_title": null,
    "audiobook_uri": null,
    "audiobook_chapter_uri": null,
    "audiobook_chapter_title": null,
    "reason_start": "unknown",
    "reason_end": "endplay",
    "shuffle": false,
    "skipped": true,
    "offline": null,
    "offline_timestamp": null,
    "incognito_mode": false
  },
  {
    "ts": "2023-05-06T20:47:08Z",
    "platform": "android",
    "ms_played": 0,
    "conn_country": "GB",
    "ip_addr": "109.151.125.153",
    "master_metadata_track_name": "Apple Cider",
    "master_metadata_album_artist_name": "beabadoobee",
    "master_metadata_album_album_name": "Loveworm",
    "spotify_track_uri": "spotify:track:5xA5MggKc3aQxuOzNzPUWB",
    "episode_name": null,
    "episode_show_name": null,
    "spotify_episode_uri": null,
    "audiobook_title": null,
    "audiobook_uri": null,
    "audiobook_chapter_uri": null,
    "audiobook_chapter_title": null,
    "reason_start": "unknown",
    "reason_end": "endplay",
    "shuffle": false,
    "skipped": true,
    "offline": null,
    "offline_timestamp": null,
    "incognito_mode": false
  },
  {
    "ts": "2023-05-06T20:47:08Z",
    "platform": "android",
    "ms_played": 1890,
    "conn_country": "GB",
    "ip_addr": "109.151.125.153",
    "master_metadata_track_name": "Graveyard Parade - Acoustic Version",
    "master_metadata_album_artist_name": "Matthew And The Atlas",
    "master_metadata_album_album_name": "Temple",
    "spotify_track_uri": "spotify:track:5z6tsIvpYxgo4LtXYRgAzO",
    "episode_name": null,
    "episode_show_name": null,
    "spotify_episode_uri": null,
    "audiobook_title": null,
    "audiobook_uri": null,
    "audiobook_chapter_uri": null,
    "audiobook_chapter_title": null,
    "reason_start": "unknown",
    "reason_end": "unknown",
    "shuffle": false,
    "skipped": false,
    "offline": null,
    "offline_timestamp": null,
    "incognito_mode": false
  },
  {
    "ts": "2023-05-06T20:47:09Z",
    "platform": "android",
    "ms_played": 0,
    "conn_country": "GB",
    "ip_addr": "109.151.125.153",
    "master_metadata_track_name": "Call Me What You Like",
    "master_metadata_album_artist_name": "Lovejoy",
    "master_metadata_album_album_name": "Call Me What You Like",
    "spotify_track_uri": "spotify:track:21rYCEejlfM0LYRlfzxGeM",
    "episode_name": null,
    "episode_show_name": null,
    "spotify_episode_uri": null,
    "audiobook_title": null,
    "audiobook_uri": null,
    "audiobook_chapter_uri": null,
    "audiobook_chapter_title": null,
    "reason_start": "unknown",
    "reason_end": "endplay",
    "shuffle": false,
    "skipped": true,
    "offline": null,
    "offline_timestamp": null,
    "incognito_mode": false
  },
  {
    "ts": "2023-05-06T20:47:10Z",
    "platform": "android",
    "ms_played": 0,
    "conn_country": "GB",
    "ip_addr": "109.151.125.153",
    "master_metadata_track_name": "One Day",
    "master_metadata_album_artist_name": "Lovejoy",
    "master_metadata_album_album_name": "Are You Alright?",
    "spotify_track_uri": "spotify:track:58U47mHjyLwUwJZ7voUt15",
    "episode_name": null,
    "episode_show_name": null,
    "spotify_episode_uri": null,
    "audiobook_title": null,
    "audiobook_uri": null,
    "audiobook_chapter_uri": null,
    "audiobook_chapter_title": null,
    "reason_start": "unknown",
    "reason_end": "endplay",
    "shuffle": false,
    "skipped": true,
    "offline": null,
    "offline_timestamp": null,
    "incognito_mode": false
  },
  {
    "ts": "2023-05-06T20:47:10Z",
    "platform": "android",
    "ms_played": 0,
    "conn_country": "GB",
    "ip_addr": "109.151.125.153",
    "master_metadata_track_name": "Apple Cider",
    "master_metadata_album_artist_name": "beabadoobee",
    "master_metadata_album_album_name": "Loveworm",
    "spotify_track_uri": "spotify:track:5xA5MggKc3aQxuOzNzPUWB",
    "episode_name": null,
    "episode_show_name": null,
    "spotify_episode_uri": null,
    "audiobook_title": null,
    "audiobook_uri": null,
    "audiobook_chapter_uri": null,
    "audiobook_chapter_title": null,
    "reason_start": "unknown",
    "reason_end": "endplay",
    "shuffle": false,
    "skipped": true,
    "offline": null,
    "offline_timestamp": null,
    "incognito_mode": false
  },
  {
    "ts": "2023-05-06T20:47:10Z",
    "platform": "android",
    "ms_played": 0,
    "conn_country": "GB",
    "ip_addr": "109.151.125.153",
    "master_metadata_track_name": "Bros",
    "master_metadata_album_artist_name": "Wolf Alice",
    "master_metadata_album_album_name": "My Love Is Cool",
    "spotify_track_uri": "spotify:track:2PIcAQiSOayFwJrfWc72Qc",
    "episode_name": null,
    "episode_show_name": null,
    "spotify_episode_uri": null,
    "audiobook_title": null,
    "audiobook_uri": null,
    "audiobook_chapter_uri": null,
    "audiobook_chapter_title": null,
    "reason_start": "unknown",
    "reason_end": "endplay",
    "shuffle": false,
    "skipped": true,
    "offline": null,
    "offline_timestamp": null,
    "incognito_mode": false
  },
  {
    "ts": "2023-05-06T20:47:11Z",
    "platform": "android",
    "ms_played": 460,
    "conn_country": "GB",
    "ip_addr": "109.151.125.153",
    "master_metadata_track_name": "Bros",
    "master_metadata_album_artist_name": "Wolf Alice",
    "master_metadata_album_album_name": "My Love Is Cool",
    "spotify_track_uri": "spotify:track:2PIcAQiSOayFwJrfWc72Qc",
    "episode_name": null,
    "episode_show_name": null,
    "spotify_episode_uri": null,
    "audiobook_title": null,
    "audiobook_uri": null,
    "audiobook_chapter_uri": null,
    "audiobook_chapter_title": null,
    "reason_start": "unknown",
    "reason_end": "unknown",
    "shuffle": false,
    "skipped": false,
    "offline": null,
    "offline_timestamp": null,
    "incognito_mode": false
  },
  {
    "ts": "2023-05-06T20:47:11Z",
    "platform": "android",
    "ms_played": 0,
    "conn_country": "GB",
    "ip_addr": "109.151.125.153",
    "master_metadata_track_name": "On A Midnight Street - Acoustic Version",
    "master_metadata_album_artist_name": "Matthew And The Atlas",
    "master_metadata_album_album_name": "Temple",
    "spotify_track_uri": "spotify:track:3YLxropD2RsgTu8KugePzE",
    "episode_name": null,
    "episode_show_name": null,
    "spotify_episode_uri": null,
    "audiobook_title": null,
    "audiobook_uri": null,
    "audiobook_chapter_uri": null,
    "audiobook_chapter_title": null,
    "reason_start": "unknown",
    "reason_end": "endplay",
    "shuffle": false,
    "skipped": true,
    "offline": null,
    "offline_timestamp": null,
    "incognito_mode": false
  },
  {
    "ts": "2023-05-06T20:47:11Z",
    "platform": "android",
    "ms_played": 0,
    "conn_country": "GB",
    "ip_addr": "109.151.125.153",
    "master_metadata_track_name": "Graveyard Parade - Acoustic Version",
    "master_metadata_album_artist_name": "Matthew And The Atlas",
    "master_metadata_album_album_name": "Temple",
    "spotify_track_uri": "spotify:track:5z6tsIvpYxgo4LtXYRgAzO",
    "episode_name": null,
    "episode_show_name": null,
    "spotify_episode_uri": null,
    "audiobook_title": null,
    "audiobook_uri": null,
    "audiobook_chapter_uri": null,
    "audiobook_chapter_title": null,
    "reason_start": "unknown",
    "reason_end": "endplay",
    "shuffle": false,
    "skipped": true,
    "offline": null,
    "offline_timestamp": null,
    "incognito_mode": false
  },
  {
    "ts": "2023-05-06T20:47:11Z",
    "platform": "android",
    "ms_played": 881,
    "conn_country": "GB",
    "ip_addr": "109.151.125.153",
    "master_metadata_track_name": "Graveyard Parade - Acoustic Version",
    "master_metadata_album_artist_name": "Matthew And The Atlas",
    "master_metadata_album_album_name": "Temple",
    "spotify_track_uri": "spotify:track:5z6tsIvpYxgo4LtXYRgAzO",
    "episode_name": null,
    "episode_show_name": null,
    "spotify_episode_uri": null,
    "audiobook_title": null,
    "audiobook_uri": null,
    "audiobook_chapter_uri": null,
    "audiobook_chapter_title": null,
    "reason_start": "unknown",
    "reason_end": "unknown",
    "shuffle": false,
    "skipped": false,
    "offline": null,
    "offline_timestamp": null,
    "incognito_mode": false
  },
  {
    "ts": "2023-05-06T20:47:11Z",
    "platform": "android",
    "ms_played": 475,
    "conn_country": "GB",
    "ip_addr": "109.151.125.153",
    "master_metadata_track_name": "Celebrity - Blood Bunny Version",
    "master_metadata_album_artist_name": "chloe moriondo",
    "master_metadata_album_album_name": "SPLIT DECISION",
    "spotify_track_uri": "spotify:track:7rzwyFEyQDq80MK2cFotay",
    "episode_name": null,
    "episode_show_name": null,
    "spotify_episode_uri": null,
    "audiobook_title": null,
    "audiobook_uri": null,
    "audiobook_chapter_uri": null,
    "audiobook_chapter_title": null,
    "reason_start": "unknown",
    "reason_end": "endplay",
    "shuffle": false,
    "skipped": true,
    "offline": null,
    "offline_timestamp": null,
    "incognito_mode": false
  },
  {
    "ts": "2023-05-06T20:47:15Z",
    "platform": "android",
    "ms_played": 0,
    "conn_country": "GB",
    "ip_addr": "109.151.125.153",
    "master_metadata_track_name": "Bros",
    "master_metadata_album_artist_name": "Wolf Alice",
    "master_metadata_album_album_name": "My Love Is Cool",
    "spotify_track_uri": "spotify:track:2PIcAQiSOayFwJrfWc72Qc",
    "episode_name": null,
    "episode_show_name": null,
    "spotify_episode_uri": null,
    "audiobook_title": null,
    "audiobook_uri": null,
    "audiobook_chapter_uri": null,
    "audiobook_chapter_title": null,
    "reason_start": "unknown",
    "reason_end": "endplay",
    "shuffle": false,
    "skipped": true,
    "offline": null,
    "offline_timestamp": null,
    "incognito_mode": false
  },
  {
    "ts": "2023-05-06T20:47:15Z",
    "platform": "android",
    "ms_played": 0,
    "conn_country": "GB",
    "ip_addr": "109.151.125.153",
    "master_metadata_track_name": "Apple Cider",
    "master_metadata_album_artist_name": "beabadoobee",
    "master_metadata_album_album_name": "Loveworm",
    "spotify_track_uri": "spotify:track:5xA5MggKc3aQxuOzNzPUWB",
    "episode_name": null,
    "episode_show_name": null,
    "spotify_episode_uri": null,
    "audiobook_title": null,
    "audiobook_uri": null,
    "audiobook_chapter_uri": null,
    "audiobook_chapter_title": null,
    "reason_start": "unknown",
    "reason_end": "endplay",
    "shuffle": false,
    "skipped": true,
    "offline": null,
    "offline_timestamp": null,
    "incognito_mode": false
  },
  {
    "ts": "2023-05-06T20:47:29Z",
    "platform": "android",
    "ms_played": 0,
    "conn_country": "GB",
    "ip_addr": "109.151.125.153",
    "master_metadata_track_name": "Bros",
    "master_metadata_album_artist_name": "Wolf Alice",
    "master_metadata_album_album_name": "My Love Is Cool",
    "spotify_track_uri": "spotify:track:2PIcAQiSOayFwJrfWc72Qc",
    "episode_name": null,
    "episode_show_name": null,
    "spotify_episode_uri": null,
    "audiobook_title": null,
    "audiobook_uri": null,
    "audiobook_chapter_uri": null,
    "audiobook_chapter_title": null,
    "reason_start": "unknown",
    "reason_end": "endplay",
    "shuffle": false,
    "skipped": true,
    "offline": null,
    "offline_timestamp": null,
    "incognito_mode": false
  },
  {
    "ts": "2023-05-06T20:47:29Z",
    "platform": "android",
    "ms_played": 0,
    "conn_country": "GB",
    "ip_addr": "109.151.125.153",
    "master_metadata_track_name": "Apple Cider",
    "master_metadata_album_artist_name": "beabadoobee",
    "master_metadata_album_album_name": "Loveworm",
    "spotify_track_uri": "spotify:track:5xA5MggKc3aQxuOzNzPUWB",
    "episode_name": null,
    "episode_show_name": null,
    "spotify_episode_uri": null,
    "audiobook_title": null,
    "audiobook_uri": null,
    "audiobook_chapter_uri": null,
    "audiobook_chapter_title": null,
    "reason_start": "unknown",
    "reason_end": "endplay",
    "shuffle": false,
    "skipped": true,
    "offline": null,
    "offline_timestamp": null,
    "incognito_mode": false
  },
  {
    "ts": "2023-05-08T08:14:21Z",
    "platform": "android",
    "ms_played": 2796,
    "conn_country": "GB",
    "ip_addr": "109.151.125.153",
    "master_metadata_track_name": "Show Me How",
    "master_metadata_album_artist_name": "Men I Trust",
    "master_metadata_album_album_name": "Show Me How",
    "spotify_track_uri": "spotify:track:01TyFEZu6mHbffsVfxgrFn",
    "episode_name": null,
    "episode_show_name": null,
    "spotify_episode_uri": null,
    "audiobook_title": null,
    "audiobook_uri": null,
    "audiobook_chapter_uri": null,
    "audiobook_chapter_title": null,
    "reason_start": "unknown",
    "reason_end": "unknown",
    "shuffle": false,
    "skipped": false,
    "offline": null,
    "offline_timestamp": null,
    "incognito_mode": false
  },
  {
    "ts": "2023-05-08T08:14:24Z",
    "platform": "android",
    "ms_played": 0,
    "conn_country": "GB",
    "ip_addr": "109.151.125.153",
    "master_metadata_track_name": "Show Me How",
    "master_metadata_album_artist_name": "Men I Trust",
    "master_metadata_album_album_name": "Show Me How",
    "spotify_track_uri": "spotify:track:01TyFEZu6mHbffsVfxgrFn",
    "episode_name": null,
    "episode_show_name": null,
    "spotify_episode_uri": null,
    "audiobook_title": null,
    "audiobook_uri": null,
    "audiobook_chapter_uri": null,
    "audiobook_chapter_title": null,
    "reason_start": "unknown",
    "reason_end": "endplay",
    "shuffle": false,
    "skipped": true,
    "offline": null,
    "offline_timestamp": null,
    "incognito_mode": false
  },
  {
    "ts": "2023-05-08T08:14:24Z",
    "platform": "android",
    "ms_played": 2327,
    "conn_country": "GB",
    "ip_addr": "109.151.125.153",
    "master_metadata_track_name": "Bad Habit",
    "master_metadata_album_artist_name": "Steve Lacy",
    "master_metadata_album_album_name": "Gemini Rights",
    "spotify_track_uri": "spotify:track:4k6Uh1HXdhtusDW5y8Gbvy",
    "episode_name": null,
    "episode_show_name": null,
    "spotify_episode_uri": null,
    "audiobook_title": null,
    "audiobook_uri": null,
    "audiobook_chapter_uri": null,
    "audiobook_chapter_title": null,
    "reason_start": "unknown",
    "reason_end": "unknown",
    "shuffle": false,
    "skipped": false,
    "offline": null,
    "offline_timestamp": null,
    "incognito_mode": false
  },
  {
    "ts": "2023-05-08T08:14:25Z",
    "platform": "android",
    "ms_played": 0,
    "conn_country": "GB",
    "ip_addr": "109.151.125.153",
    "master_metadata_track_name": "Bad Habit",
    "master_metadata_album_artist_name": "Steve Lacy",
    "master_metadata_album_album_name": "Gemini Rights",
    "spotify_track_uri": "spotify:track:4k6Uh1HXdhtusDW5y8Gbvy",
    "episode_name": null,
    "episode_show_name": null,
    "spotify_episode_uri": null,
    "audiobook_title": null,
    "audiobook_uri": null,
    "audiobook_chapter_uri": null,
    "audiobook_chapter_title": null,
    "reason_start": "unknown",
    "reason_end": "endplay",
    "shuffle": false,
    "skipped": true,
    "offline": null,
    "offline_timestamp": null,
    "incognito_mode": false
  },
  {
    "ts": "2023-05-08T08:14:25Z",
    "platform": "android",
    "ms_played": 1097,
    "conn_country": "GB",
    "ip_addr": "109.151.125.153",
    "master_metadata_track_name": "the perfect pair",
    "master_metadata_album_artist_name": "beabadoobee",
    "master_metadata_album_album_name": "Beatopia",
    "spotify_track_uri": "spotify:track:41P6Tnd8KIHqON0QIydx6a",
    "episode_name": null,
    "episode_show_name": null,
    "spotify_episode_uri": null,
    "audiobook_title": null,
    "audiobook_uri": null,
    "audiobook_chapter_uri": null,
    "audiobook_chapter_title": null,
    "reason_start": "unknown",
    "reason_end": "unknown",
    "shuffle": false,
    "skipped": false,
    "offline": null,
    "offline_timestamp": null,
    "incognito_mode": false
  },
  {
    "ts": "2023-05-08T08:14:28Z",
    "platform": "android",
    "ms_played": 2562,
    "conn_country": "GB",
    "ip_addr": "109.151.125.153",
    "master_metadata_track_name": "Love It If We Made It",
    "master_metadata_album_artist_name": "The 1975",
    "master_metadata_album_album_name": "A Brief Inquiry Into Online Relationships",
    "spotify_track_uri": "spotify:track:6WmIyn2fx1PKQ0XDpYj4VR",
    "episode_name": null,
    "episode_show_name": null,
    "spotify_episode_uri": null,
    "audiobook_title": null,
    "audiobook_uri": null,
    "audiobook_chapter_uri": null,
    "audiobook_chapter_title": null,
    "reason_start": "unknown",
    "reason_end": "unknown",
    "shuffle": false,
    "skipped": false,
    "offline": null,
    "offline_timestamp": null,
    "incognito_mode": false
  },
  {
    "ts": "2023-05-08T08:14:28Z",
    "platform": "android",
    "ms_played": 0,
    "conn_country": "GB",
    "ip_addr": "109.151.125.153",
    "master_metadata_track_name": "the perfect pair",
    "master_metadata_album_artist_name": "beabadoobee",
    "master_metadata_album_album_name": "Beatopia",
    "spotify_track_uri": "spotify:track:41P6Tnd8KIHqON0QIydx6a",
    "episode_name": null,
    "episode_show_name": null,
    "spotify_episode_uri": null,
    "audiobook_title": null,
    "audiobook_uri": null,
    "audiobook_chapter_uri": null,
    "audiobook_chapter_title": null,
    "reason_start": "unknown",
    "reason_end": "endplay",
    "shuffle": false,
    "skipped": true,
    "offline": null,
    "offline_timestamp": null,
    "incognito_mode": false
  },
  {
    "ts": "2023-05-08T08:14:29Z",
    "platform": "android",
    "ms_played": 919,
    "conn_country": "GB",
    "ip_addr": "109.151.125.153",
    "master_metadata_track_name": "Gilded Lily",
    "master_metadata_album_artist_name": "Cults",
    "master_metadata_album_album_name": "Offering",
    "spotify_track_uri": "spotify:track:3Z0qLOS0cqWKPHXkbTXmNF",
    "episode_name": null,
    "episode_show_name": null,
    "spotify_episode_uri": null,
    "audiobook_title": null,
    "audiobook_uri": null,
    "audiobook_chapter_uri": null,
    "audiobook_chapter_title": null,
    "reason_start": "unknown",
    "reason_end": "unknown",
    "shuffle": false,
    "skipped": false,
    "offline": null,
    "offline_timestamp": null,
    "incognito_mode": false
  },
  {
    "ts": "2023-05-08T08:14:36Z",
    "platform": "android",
    "ms_played": 6853,
    "conn_country": "GB",
    "ip_addr": "109.151.125.153",
    "master_metadata_track_name": "Morning Matters",
    "master_metadata_album_artist_name": "Yazmin Lacey",
    "master_metadata_album_album_name": "Morning Matters",
    "spotify_track_uri": "spotify:track:1EeS8SQ0BAhNrLVLCNrxrj",
    "episode_name": null,
    "episode_show_name": null,
    "spotify_episode_uri": null,
    "audiobook_title": null,
    "audiobook_uri": null,
    "audiobook_chapter_uri": null,
    "audiobook_chapter_title": null,
    "reason_start": "unknown",
    "reason_end": "endplay",
    "shuffle": false,
    "skipped": true,
    "offline": null,
    "offline_timestamp": null,
    "incognito_mode": false
  },
  {
    "ts": "2023-05-08T08:14:36Z",
    "platform": "android",
    "ms_played": 0,
    "conn_country": "GB",
    "ip_addr": "109.151.125.153",
    "master_metadata_track_name": "Eat Your Young - Bekon's Choral Version",
    "master_metadata_album_artist_name": "Hozier",
    "master_metadata_album_album_name": "Eat Your Young",
    "spotify_track_uri": "spotify:track:3TF7kY4XGnPYSwjCyU7TlL",
    "episode_name": null,
    "episode_show_name": null,
    "spotify_episode_uri": null,
    "audiobook_title": null,
    "audiobook_uri": null,
    "audiobook_chapter_uri": null,
    "audiobook_chapter_title": null,
    "reason_start": "unknown",
    "reason_end": "endplay",
    "shuffle": false,
    "skipped": true,
    "offline": null,
    "offline_timestamp": null,
    "incognito_mode": false
  },
  {
    "ts": "2023-05-08T08:14:36Z",
    "platform": "android",
    "ms_played": 0,
    "conn_country": "GB",
    "ip_addr": "109.151.125.153",
    "master_metadata_track_name": "Show Me How",
    "master_metadata_album_artist_name": "Men I Trust",
    "master_metadata_album_album_name": "Show Me How",
    "spotify_track_uri": "spotify:track:01TyFEZu6mHbffsVfxgrFn",
    "episode_name": null,
    "episode_show_name": null,
    "spotify_episode_uri": null,
    "audiobook_title": null,
    "audiobook_uri": null,
    "audiobook_chapter_uri": null,
    "audiobook_chapter_title": null,
    "reason_start": "unknown",
    "reason_end": "endplay",
    "shuffle": false,
    "skipped": true,
    "offline": null,
    "offline_timestamp": null,
    "incognito_mode": false
  },
  {
    "ts": "2023-05-08T08:14:36Z",
    "platform": "android",
    "ms_played": 0,
    "conn_country": "GB",
    "ip_addr": "109.151.125.153",
    "master_metadata_track_name": "Love It If We Made It",
    "master_metadata_album_artist_name": "The 1975",
    "master_metadata_album_album_name": "A Brief Inquiry Into Online Relationships",
    "spotify_track_uri": "spotify:track:6WmIyn2fx1PKQ0XDpYj4VR",
    "episode_name": null,
    "episode_show_name": null,
    "spotify_episode_uri": null,
    "audiobook_title": null,
    "audiobook_uri": null,
    "audiobook_chapter_uri": null,
    "audiobook_chapter_title": null,
    "reason_start": "unknown",
    "reason_end": "endplay",
    "shuffle": false,
    "skipped": true,
    "offline": null,
    "offline_timestamp": null,
    "incognito_mode": false
  },
  {
    "ts": "2023-05-08T08:14:36Z",
    "platform": "android",
    "ms_played": 0,
    "conn_country": "GB",
    "ip_addr": "109.151.125.153",
    "master_metadata_track_name": "Gilded Lily",
    "master_metadata_album_artist_name": "Cults",
    "master_metadata_album_album_name": "Offering",
    "spotify_track_uri": "spotify:track:3Z0qLOS0cqWKPHXkbTXmNF",
    "episode_name": null,
    "episode_show_name": null,
    "spotify_episode_uri": null,
    "audiobook_title": null,
    "audiobook_uri": null,
    "audiobook_chapter_uri": null,
    "audiobook_chapter_title": null,
    "reason_start": "unknown",
    "reason_end": "endplay",
    "shuffle": false,
    "skipped": true,
    "offline": null,
    "offline_timestamp": null,
    "incognito_mode": false
  },
  {
    "ts": "2023-05-08T08:14:45Z",
    "platform": "android",
    "ms_played": 0,
    "conn_country": "GB",
    "ip_addr": "109.151.125.153",
    "master_metadata_track_name": "Bad Habit",
    "master_metadata_album_artist_name": "Steve Lacy",
    "master_metadata_album_album_name": "Gemini Rights",
    "spotify_track_uri": "spotify:track:4k6Uh1HXdhtusDW5y8Gbvy",
    "episode_name": null,
    "episode_show_name": null,
    "spotify_episode_uri": null,
    "audiobook_title": null,
    "audiobook_uri": null,
    "audiobook_chapter_uri": null,
    "audiobook_chapter_title": null,
    "reason_start": "unknown",
    "reason_end": "endplay",
    "shuffle": false,
    "skipped": true,
    "offline": null,
    "offline_timestamp": null,
    "incognito_mode": false
  },
  {
    "ts": "2023-05-08T08:14:45Z",
    "platform": "android",
    "ms_played": 0,
    "conn_country": "GB",
    "ip_addr": "109.151.125.153",
    "master_metadata_track_name": "Show Me How",
    "master_metadata_album_artist_name": "Men I Trust",
    "master_metadata_album_album_name": "Show Me How",
    "spotify_track_uri": "spotify:track:01TyFEZu6mHbffsVfxgrFn",
    "episode_name": null,
    "episode_show_name": null,
    "spotify_episode_uri": null,
    "audiobook_title": null,
    "audiobook_uri": null,
    "audiobook_chapter_uri": null,
    "audiobook_chapter_title": null,
    "reason_start": "unknown",
    "reason_end": "endplay",
    "shuffle": false,
    "skipped": true,
    "offline": null,
    "offline_timestamp": null,
    "incognito_mode": false
  },
  {
    "ts": "2023-05-08T08:14:47Z",
    "platform": "android",
    "ms_played": 0,
    "conn_country": "GB",
    "ip_addr": "109.151.125.153",
    "master_metadata_track_name": "Morning Matters",
    "master_metadata_album_artist_name": "Yazmin Lacey",
    "master_metadata_album_album_name": "Morning Matters",
    "spotify_track_uri": "spotify:track:1EeS8SQ0BAhNrLVLCNrxrj",
    "episode_name": null,
    "episode_show_name": null,
    "spotify_episode_uri": null,
    "audiobook_title": null,
    "audiobook_uri": null,
    "audiobook_chapter_uri": null,
    "audiobook_chapter_title": null,
    "reason_start": "unknown",
    "reason_end": "endplay",
    "shuffle": false,
    "skipped": true,
    "offline": null,
    "offline_timestamp": null,
    "incognito_mode": false
  },
  {
    "ts": "2023-05-08T08:14:47Z",
    "platform": "android",
    "ms_played": 1914,
    "conn_country": "GB",
    "ip_addr": "109.151.125.153",
    "master_metadata_track_name": "Eat Your Young - Bekon's Choral Version",
    "master_metadata_album_artist_name": "Hozier",
    "master_metadata_album_album_name": "Eat Your Young",
    "spotify_track_uri": "spotify:track:3TF7kY4XGnPYSwjCyU7TlL",
    "episode_name": null,
    "episode_show_name": null,
    "spotify_episode_uri": null,
    "audiobook_title": null,
    "audiobook_uri": null,
    "audiobook_chapter_uri": null,
    "audiobook_chapter_title": null,
    "reason_start": "unknown",
    "reason_end": "unknown",
    "shuffle": false,
    "skipped": false,
    "offline": null,
    "offline_timestamp": null,
    "incognito_mode": false
  },
  {
    "ts": "2023-05-08T08:14:49Z",
    "platform": "android",
    "ms_played": 1713,
    "conn_country": "GB",
    "ip_addr": "109.151.125.153",
    "master_metadata_track_name": "Silly Girl",
    "master_metadata_album_artist_name": "chloe moriondo",
    "master_metadata_album_album_name": "Rabbit Hearted.",
    "spotify_track_uri": "spotify:track:0ZP3E9L1I0C6rmD0CAKqDc",
    "episode_name": null,
    "episode_show_name": null,
    "spotify_episode_uri": null,
    "audiobook_title": null,
    "audiobook_uri": null,
    "audiobook_chapter_uri": null,
    "audiobook_chapter_title": null,
    "reason_start": "unknown",
    "reason_end": "unknown",
    "shuffle": false,
    "skipped": false,
    "offline": null,
    "offline_timestamp": null,
    "incognito_mode": false
  },
  {
    "ts": "2023-05-08T08:14:51Z",
    "platform": "android",
    "ms_played": 1089,
    "conn_country": "GB",
    "ip_addr": "109.151.125.153",
    "master_metadata_track_name": "I Want To Be With You",
    "master_metadata_album_artist_name": "chloe moriondo",
    "master_metadata_album_album_name": "Blood Bunny",
    "spotify_track_uri": "spotify:track:4LK36kV9w3KBD2GYL26ZBq",
    "episode_name": null,
    "episode_show_name": null,
    "spotify_episode_uri": null,
    "audiobook_title": null,
    "audiobook_uri": null,
    "audiobook_chapter_uri": null,
    "audiobook_chapter_title": null,
    "reason_start": "unknown",
    "reason_end": "unknown",
    "shuffle": false,
    "skipped": false,
    "offline": null,
    "offline_timestamp": null,
    "incognito_mode": false
  },
  {
    "ts": "2023-05-08T08:14:51Z",
    "platform": "android",
    "ms_played": 773,
    "conn_country": "GB",
    "ip_addr": "109.151.125.153",
    "master_metadata_track_name": "Dizzy (feat. Thomas Headon and Alfie Templeman)",
    "master_metadata_album_artist_name": "chloe moriondo",
    "master_metadata_album_album_name": "Dizzy (feat. Thomas Headon and Alfie Templeman)",
    "spotify_track_uri": "spotify:track:3Gplr4iOpewQ9ynbZujzlu",
    "episode_name": null,
    "episode_show_name": null,
    "spotify_episode_uri": null,
    "audiobook_title": null,
    "audiobook_uri": null,
    "audiobook_chapter_uri": null,
    "audiobook_chapter_title": null,
    "reason_start": "unknown",
    "reason_end": "unknown",
    "shuffle": false,
    "skipped": false,
    "offline": null,
    "offline_timestamp": null,
    "incognito_mode": false
  },
  {
    "ts": "2023-05-08T08:14:51Z",
    "platform": "android",
    "ms_played": 0,
    "conn_country": "GB",
    "ip_addr": "109.151.125.153",
    "master_metadata_track_name": "I Want To Be With You",
    "master_metadata_album_artist_name": "chloe moriondo",
    "master_metadata_album_album_name": "Blood Bunny",
    "spotify_track_uri": "spotify:track:4LK36kV9w3KBD2GYL26ZBq",
    "episode_name": null,
    "episode_show_name": null,
    "spotify_episode_uri": null,
    "audiobook_title": null,
    "audiobook_uri": null,
    "audiobook_chapter_uri": null,
    "audiobook_chapter_title": null,
    "reason_start": "unknown",
    "reason_end": "endplay",
    "shuffle": false,
    "skipped": true,
    "offline": null,
    "offline_timestamp": null,
    "incognito_mode": false
  },
  {
    "ts": "2023-05-08T08:14:51Z",
    "platform": "android",
    "ms_played": 0,
    "conn_country": "GB",
    "ip_addr": "109.151.125.153",
    "master_metadata_track_name": "Silly Girl",
    "master_metadata_album_artist_name": "chloe moriondo",
    "master_metadata_album_album_name": "Rabbit Hearted.",
    "spotify_track_uri": "spotify:track:0ZP3E9L1I0C6rmD0CAKqDc",
    "episode_name": null,
    "episode_show_name": null,
    "spotify_episode_uri": null,
    "audiobook_title": null,
    "audiobook_uri": null,
    "audiobook_chapter_uri": null,
    "audiobook_chapter_title": null,
    "reason_start": "unknown",
    "reason_end": "endplay",
    "shuffle": false,
    "skipped": true,
    "offline": null,
    "offline_timestamp": null,
    "incognito_mode": false
  },
  {
    "ts": "2023-05-08T08:14:52Z",
    "platform": "android",
    "ms_played": 0,
    "conn_country": "GB",
    "ip_addr": "109.151.125.153",
    "master_metadata_track_name": "Eat Your Young - Bekon's Choral Version",
    "master_metadata_album_artist_name": "Hozier",
    "master_metadata_album_album_name": "Eat Your Young",
    "spotify_track_uri": "spotify:track:3TF7kY4XGnPYSwjCyU7TlL",
    "episode_name": null,
    "episode_show_name": null,
    "spotify_episode_uri": null,
    "audiobook_title": null,
    "audiobook_uri": null,
    "audiobook_chapter_uri": null,
    "audiobook_chapter_title": null,
    "reason_start": "unknown",
    "reason_end": "endplay",
    "shuffle": false,
    "skipped": true,
    "offline": null,
    "offline_timestamp": null,
    "incognito_mode": false
  },
  {
    "ts": "2023-05-08T08:14:52Z",
    "platform": "android",
    "ms_played": 710,
    "conn_country": "GB",
    "ip_addr": "109.151.125.153",
    "master_metadata_track_name": "12 Fractures",
    "master_metadata_album_artist_name": "Pierce The Veil",
    "master_metadata_album_album_name": "The Jaws Of Life",
    "spotify_track_uri": "spotify:track:2R5SzmhzoaCkjDJcSaGrN3",
    "episode_name": null,
    "episode_show_name": null,
    "spotify_episode_uri": null,
    "audiobook_title": null,
    "audiobook_uri": null,
    "audiobook_chapter_uri": null,
    "audiobook_chapter_title": null,
    "reason_start": "unknown",
    "reason_end": "unknown",
    "shuffle": false,
    "skipped": false,
    "offline": null,
    "offline_timestamp": null,
    "incognito_mode": false
  },
  {
    "ts": "2023-05-08T08:14:54Z",
    "platform": "android",
    "ms_played": 0,
    "conn_country": "GB",
    "ip_addr": "109.151.125.153",
    "master_metadata_track_name": "HOT DEMON B!TCHES NEAR U ! ! !",
    "master_metadata_album_artist_name": "CORPSE",
    "master_metadata_album_album_name": "HOT DEMON B!TCHES NEAR U ! ! !",
    "spotify_track_uri": "spotify:track:7v4pPS4A7NgY7bxFA3Etv3",
    "episode_name": null,
    "episode_show_name": null,
    "spotify_episode_uri": null,
    "audiobook_title": null,
    "audiobook_uri": null,
    "audiobook_chapter_uri": null,
    "audiobook_chapter_title": null,
    "reason_start": "unknown",
    "reason_end": "endplay",
    "shuffle": false,
    "skipped": true,
    "offline": null,
    "offline_timestamp": null,
    "incognito_mode": false
  },
  {
    "ts": "2023-05-08T08:14:54Z",
    "platform": "android",
    "ms_played": 0,
    "conn_country": "GB",
    "ip_addr": "109.151.125.153",
    "master_metadata_track_name": "Where This Flower Blooms (feat. Frank Ocean)",
    "master_metadata_album_artist_name": "Tyler, The Creator",
    "master_metadata_album_album_name": "Flower Boy",
    "spotify_track_uri": "spotify:track:6KuXb26rHuRy3ZDse1VRmx",
    "episode_name": null,
    "episode_show_name": null,
    "spotify_episode_uri": null,
    "audiobook_title": null,
    "audiobook_uri": null,
    "audiobook_chapter_uri": null,
    "audiobook_chapter_title": null,
    "reason_start": "unknown",
    "reason_end": "endplay",
    "shuffle": false,
    "skipped": true,
    "offline": null,
    "offline_timestamp": null,
    "incognito_mode": false
  },
  {
    "ts": "2023-05-08T08:14:54Z",
    "platform": "android",
    "ms_played": 0,
    "conn_country": "GB",
    "ip_addr": "109.151.125.153",
    "master_metadata_track_name": "12 Fractures",
    "master_metadata_album_artist_name": "Pierce The Veil",
    "master_metadata_album_album_name": "The Jaws Of Life",
    "spotify_track_uri": "spotify:track:2R5SzmhzoaCkjDJcSaGrN3",
    "episode_name": null,
    "episode_show_name": null,
    "spotify_episode_uri": null,
    "audiobook_title": null,
    "audiobook_uri": null,
    "audiobook_chapter_uri": null,
    "audiobook_chapter_title": null,
    "reason_start": "unknown",
    "reason_end": "endplay",
    "shuffle": false,
    "skipped": true,
    "offline": null,
    "offline_timestamp": null,
    "incognito_mode": false
  },
  {
    "ts": "2023-05-08T08:14:54Z",
    "platform": "android",
    "ms_played": 0,
    "conn_country": "GB",
    "ip_addr": "109.151.125.153",
    "master_metadata_track_name": "Dizzy (feat. Thomas Headon and Alfie Templeman)",
    "master_metadata_album_artist_name": "chloe moriondo",
    "master_metadata_album_album_name": "Dizzy (feat. Thomas Headon and Alfie Templeman)",
    "spotify_track_uri": "spotify:track:3Gplr4iOpewQ9ynbZujzlu",
    "episode_name": null,
    "episode_show_name": null,
    "spotify_episode_uri": null,
    "audiobook_title": null,
    "audiobook_uri": null,
    "audiobook_chapter_uri": null,
    "audiobook_chapter_title": null,
    "reason_start": "unknown",
    "reason_end": "endplay",
    "shuffle": false,
    "skipped": true,
    "offline": null,
    "offline_timestamp": null,
    "incognito_mode": false
  },
  {
    "ts": "2023-05-08T08:14:54Z",
    "platform": "android",
    "ms_played": 0,
    "conn_country": "GB",
    "ip_addr": "109.151.125.153",
    "master_metadata_track_name": "DAYWALKER! (feat. CORPSE)",
    "master_metadata_album_artist_name": "mgk",
    "master_metadata_album_album_name": "DAYWALKER! (feat. CORPSE)",
    "spotify_track_uri": "spotify:track:2gEFy9v83O2nDeHYRccGQ4",
    "episode_name": null,
    "episode_show_name": null,
    "spotify_episode_uri": null,
    "audiobook_title": null,
    "audiobook_uri": null,
    "audiobook_chapter_uri": null,
    "audiobook_chapter_title": null,
    "reason_start": "unknown",
    "reason_end": "endplay",
    "shuffle": false,
    "skipped": true,
    "offline": null,
    "offline_timestamp": null,
    "incognito_mode": false
  },
  {
    "ts": "2023-05-08T08:14:54Z",
    "platform": "android",
    "ms_played": 1520,
    "conn_country": "GB",
    "ip_addr": "109.151.125.153",
    "master_metadata_track_name": "Foreword (feat. Rex Orange County)",
    "master_metadata_album_artist_name": "Tyler, The Creator",
    "master_metadata_album_album_name": "Flower Boy",
    "spotify_track_uri": "spotify:track:33i3xxHB4YSYGYbtJrwwO8",
    "episode_name": null,
    "episode_show_name": null,
    "spotify_episode_uri": null,
    "audiobook_title": null,
    "audiobook_uri": null,
    "audiobook_chapter_uri": null,
    "audiobook_chapter_title": null,
    "reason_start": "unknown",
    "reason_end": "endplay",
    "shuffle": false,
    "skipped": true,
    "offline": null,
    "offline_timestamp": null,
    "incognito_mode": false
  },
  {
    "ts": "2023-05-08T08:14:54Z",
    "platform": "android",
    "ms_played": 0,
    "conn_country": "GB",
    "ip_addr": "109.151.125.153",
    "master_metadata_track_name": "Bodybag",
    "master_metadata_album_artist_name": "chloe moriondo",
    "master_metadata_album_album_name": "Blood Bunny",
    "spotify_track_uri": "spotify:track:3XlrbYlaUFnDYGfRcdoYRU",
    "episode_name": null,
    "episode_show_name": null,
    "spotify_episode_uri": null,
    "audiobook_title": null,
    "audiobook_uri": null,
    "audiobook_chapter_uri": null,
    "audiobook_chapter_title": null,
    "reason_start": "unknown",
    "reason_end": "endplay",
    "shuffle": false,
    "skipped": true,
    "offline": null,
    "offline_timestamp": null,
    "incognito_mode": false
  },
  {
    "ts": "2023-05-08T08:14:57Z",
    "platform": "android",
    "ms_played": 0,
    "conn_country": "GB",
    "ip_addr": "109.151.125.153",
    "master_metadata_track_name": "Show Me How",
    "master_metadata_album_artist_name": "Men I Trust",
    "master_metadata_album_album_name": "Show Me How",
    "spotify_track_uri": "spotify:track:01TyFEZu6mHbffsVfxgrFn",
    "episode_name": null,
    "episode_show_name": null,
    "spotify_episode_uri": null,
    "audiobook_title": null,
    "audiobook_uri": null,
    "audiobook_chapter_uri": null,
    "audiobook_chapter_title": null,
    "reason_start": "unknown",
    "reason_end": "endplay",
    "shuffle": false,
    "skipped": true,
    "offline": null,
    "offline_timestamp": null,
    "incognito_mode": false
  },
  {
    "ts": "2023-05-08T08:14:57Z",
    "platform": "android",
    "ms_played": 0,
    "conn_country": "GB",
    "ip_addr": "109.151.125.153",
    "master_metadata_track_name": "Bad Habit",
    "master_metadata_album_artist_name": "Steve Lacy",
    "master_metadata_album_album_name": "Gemini Rights",
    "spotify_track_uri": "spotify:track:4k6Uh1HXdhtusDW5y8Gbvy",
    "episode_name": null,
    "episode_show_name": null,
    "spotify_episode_uri": null,
    "audiobook_title": null,
    "audiobook_uri": null,
    "audiobook_chapter_uri": null,
    "audiobook_chapter_title": null,
    "reason_start": "unknown",
    "reason_end": "endplay",
    "shuffle": false,
    "skipped": true,
    "offline": null,
    "offline_timestamp": null,
    "incognito_mode": false
  },
  {
    "ts": "2023-05-21T14:16:17Z",
    "platform": "android",
    "ms_played": 0,
    "conn_country": "GB",
    "ip_addr": "31.94.19.0",
    "master_metadata_track_name": null,
    "master_metadata_album_artist_name": null,
    "master_metadata_album_album_name": null,
    "spotify_track_uri": null,
    "episode_name": "NatCon: The Tories tilt to the right – Politics Weekly UK",
    "episode_show_name": "Politics Weekly UK",
    "spotify_episode_uri": "spotify:episode:3dgCEE8MEnHFGT7Gk9q2Q4",
    "audiobook_title": null,
    "audiobook_uri": null,
    "audiobook_chapter_uri": null,
    "audiobook_chapter_title": null,
    "reason_start": "unknown",
    "reason_end": "endplay",
    "shuffle": false,
    "skipped": true,
    "offline": null,
    "offline_timestamp": null,
    "incognito_mode": false
  },
  {
    "ts": "2023-05-21T14:16:18Z",
    "platform": "android",
    "ms_played": 0,
    "conn_country": "GB",
    "ip_addr": "31.94.19.0",
    "master_metadata_track_name": null,
    "master_metadata_album_artist_name": null,
    "master_metadata_album_album_name": null,
    "spotify_track_uri": null,
    "episode_name": "333: The Republic of Britain: Life under Cromwell",
    "episode_show_name": "The Rest Is History",
    "spotify_episode_uri": "spotify:episode:5aemdHtzkbWmz6qEWpYbdT",
    "audiobook_title": null,
    "audiobook_uri": null,
    "audiobook_chapter_uri": null,
    "audiobook_chapter_title": null,
    "reason_start": "unknown",
    "reason_end": "endplay",
    "shuffle": false,
    "skipped": true,
    "offline": null,
    "offline_timestamp": null,
    "incognito_mode": false
  },
  {
    "ts": "2023-05-21T14:16:21Z",
    "platform": "android",
    "ms_played": 0,
    "conn_country": "GB",
    "ip_addr": "31.94.19.0",
    "master_metadata_track_name": null,
    "master_metadata_album_artist_name": null,
    "master_metadata_album_album_name": null,
    "spotify_track_uri": null,
    "episode_name": "333: The Republic of Britain: Life under Cromwell",
    "episode_show_name": "The Rest Is History",
    "spotify_episode_uri": "spotify:episode:5aemdHtzkbWmz6qEWpYbdT",
    "audiobook_title": null,
    "audiobook_uri": null,
    "audiobook_chapter_uri": null,
    "audiobook_chapter_title": null,
    "reason_start": "unknown",
    "reason_end": "endplay",
    "shuffle": false,
    "skipped": true,
    "offline": null,
    "offline_timestamp": null,
    "incognito_mode": false
  },
  {
    "ts": "2023-05-30T20:58:11Z",
    "platform": "android",
    "ms_played": 2650,
    "conn_country": "GB",
    "ip_addr": "86.133.1.165",
    "master_metadata_track_name": "Out of My League",
    "master_metadata_album_artist_name": "Fitz and The Tantrums",
    "master_metadata_album_album_name": "More Than Just a Dream",
    "spotify_track_uri": "spotify:track:0i5spxZKedPA2TgGuvJ3AL",
    "episode_name": null,
    "episode_show_name": null,
    "spotify_episode_uri": null,
    "audiobook_title": null,
    "audiobook_uri": null,
    "audiobook_chapter_uri": null,
    "audiobook_chapter_title": null,
    "reason_start": "unknown",
    "reason_end": "unknown",
    "shuffle": false,
    "skipped": false,
    "offline": null,
    "offline_timestamp": null,
    "incognito_mode": false
  },
  {
    "ts": "2023-05-30T20:58:12Z",
    "platform": "android",
    "ms_played": 0,
    "conn_country": "GB",
    "ip_addr": "86.133.1.165",
    "master_metadata_track_name": "Going Out Of My Way",
    "master_metadata_album_artist_name": "M.O",
    "master_metadata_album_album_name": "Modus Operandi",
    "spotify_track_uri": "spotify:track:0neHNQl5W4XqAarFxCnni7",
    "episode_name": null,
    "episode_show_name": null,
    "spotify_episode_uri": null,
    "audiobook_title": null,
    "audiobook_uri": null,
    "audiobook_chapter_uri": null,
    "audiobook_chapter_title": null,
    "reason_start": "unknown",
    "reason_end": "endplay",
    "shuffle": false,
    "skipped": true,
    "offline": null,
    "offline_timestamp": null,
    "incognito_mode": false
  },
  {
    "ts": "2023-05-30T20:58:12Z",
    "platform": "android",
    "ms_played": 0,
    "conn_country": "GB",
    "ip_addr": "86.133.1.165",
    "master_metadata_track_name": "Everybody Wants To Rule The World",
    "master_metadata_album_artist_name": "Tears For Fears",
    "master_metadata_album_album_name": "Songs From The Big Chair",
    "spotify_track_uri": "spotify:track:4RvWPyQ5RL0ao9LPZeSouE",
    "episode_name": null,
    "episode_show_name": null,
    "spotify_episode_uri": null,
    "audiobook_title": null,
    "audiobook_uri": null,
    "audiobook_chapter_uri": null,
    "audiobook_chapter_title": null,
    "reason_start": "unknown",
    "reason_end": "endplay",
    "shuffle": false,
    "skipped": true,
    "offline": null,
    "offline_timestamp": null,
    "incognito_mode": false
  },
  {
    "ts": "2023-05-30T20:58:12Z",
    "platform": "android",
    "ms_played": 0,
    "conn_country": "GB",
    "ip_addr": "86.133.1.165",
    "master_metadata_track_name": "Out of My League",
    "master_metadata_album_artist_name": "Fitz and The Tantrums",
    "master_metadata_album_album_name": "More Than Just a Dream",
    "spotify_track_uri": "spotify:track:0i5spxZKedPA2TgGuvJ3AL",
    "episode_name": null,
    "episode_show_name": null,
    "spotify_episode_uri": null,
    "audiobook_title": null,
    "audiobook_uri": null,
    "audiobook_chapter_uri": null,
    "audiobook_chapter_title": null,
    "reason_start": "unknown",
    "reason_end": "endplay",
    "shuffle": false,
    "skipped": true,
    "offline": null,
    "offline_timestamp": null,
    "incognito_mode": false
  },
  {
    "ts": "2023-05-30T20:58:12Z",
    "platform": "android",
    "ms_played": 0,
    "conn_country": "GB",
    "ip_addr": "86.133.1.165",
    "master_metadata_track_name": "Choose Sides",
    "master_metadata_album_artist_name": "M.O",
    "master_metadata_album_album_name": "Modus Operandi",
    "spotify_track_uri": "spotify:track:5xbtqlwmRi0l8b5QDEhtPv",
    "episode_name": null,
    "episode_show_name": null,
    "spotify_episode_uri": null,
    "audiobook_title": null,
    "audiobook_uri": null,
    "audiobook_chapter_uri": null,
    "audiobook_chapter_title": null,
    "reason_start": "unknown",
    "reason_end": "endplay",
    "shuffle": false,
    "skipped": true,
    "offline": null,
    "offline_timestamp": null,
    "incognito_mode": false
  },
  {
    "ts": "2023-06-02T15:08:15Z",
    "platform": "android",
    "ms_played": 17115,
    "conn_country": "GB",
    "ip_addr": "86.133.1.165",
    "master_metadata_track_name": "Valentine",
    "master_metadata_album_artist_name": "Laufey",
    "master_metadata_album_album_name": "Everything I Know About Love",
    "spotify_track_uri": "spotify:track:6cx5CvFhqN19efStehJqoW",
    "episode_name": null,
    "episode_show_name": null,
    "spotify_episode_uri": null,
    "audiobook_title": null,
    "audiobook_uri": null,
    "audiobook_chapter_uri": null,
    "audiobook_chapter_title": null,
    "reason_start": "unknown",
    "reason_end": "endplay",
    "shuffle": false,
    "skipped": true,
    "offline": null,
    "offline_timestamp": null,
    "incognito_mode": false
  },
  {
    "ts": "2023-06-02T15:08:21Z",
    "platform": "android",
    "ms_played": 4994,
    "conn_country": "GB",
    "ip_addr": "86.133.1.165",
    "master_metadata_track_name": "Where'd All the Time Go?",
    "master_metadata_album_artist_name": "Dr. Dog",
    "master_metadata_album_album_name": "Shame, Shame",
    "spotify_track_uri": "spotify:track:0UV5zxRMz6AO4ZwUOZNIKI",
    "episode_name": null,
    "episode_show_name": null,
    "spotify_episode_uri": null,
    "audiobook_title": null,
    "audiobook_uri": null,
    "audiobook_chapter_uri": null,
    "audiobook_chapter_title": null,
    "reason_start": "unknown",
    "reason_end": "endplay",
    "shuffle": false,
    "skipped": true,
    "offline": null,
    "offline_timestamp": null,
    "incognito_mode": false
  },
  {
    "ts": "2023-06-02T15:08:22Z",
    "platform": "android",
    "ms_played": 0,
    "conn_country": "GB",
    "ip_addr": "86.133.1.165",
    "master_metadata_track_name": "Valentine",
    "master_metadata_album_artist_name": "Laufey",
    "master_metadata_album_album_name": "Everything I Know About Love",
    "spotify_track_uri": "spotify:track:6cx5CvFhqN19efStehJqoW",
    "episode_name": null,
    "episode_show_name": null,
    "spotify_episode_uri": null,
    "audiobook_title": null,
    "audiobook_uri": null,
    "audiobook_chapter_uri": null,
    "audiobook_chapter_title": null,
    "reason_start": "unknown",
    "reason_end": "endplay",
    "shuffle": false,
    "skipped": true,
    "offline": null,
    "offline_timestamp": null,
    "incognito_mode": false
  },
  {
    "ts": "2023-06-02T15:08:22Z",
    "platform": "android",
    "ms_played": 0,
    "conn_country": "GB",
    "ip_addr": "86.133.1.165",
    "master_metadata_track_name": "Digital Silence",
    "master_metadata_album_artist_name": "Peter McPoland",
    "master_metadata_album_album_name": "Digital Silence",
    "spotify_track_uri": "spotify:track:6cJSXxvl9l94huIUIqsEQo",
    "episode_name": null,
    "episode_show_name": null,
    "spotify_episode_uri": null,
    "audiobook_title": null,
    "audiobook_uri": null,
    "audiobook_chapter_uri": null,
    "audiobook_chapter_title": null,
    "reason_start": "unknown",
    "reason_end": "endplay",
    "shuffle": false,
    "skipped": true,
    "offline": null,
    "offline_timestamp": null,
    "incognito_mode": false
  },
  {
    "ts": "2023-06-02T15:08:22Z",
    "platform": "android",
    "ms_played": 0,
    "conn_country": "GB",
    "ip_addr": "86.133.1.165",
    "master_metadata_track_name": "Stargirl Interlude",
    "master_metadata_album_artist_name": "The Weeknd",
    "master_metadata_album_album_name": "Starboy",
    "spotify_track_uri": "spotify:track:5gDWsRxpJ2lZAffh5p7K0w",
    "episode_name": null,
    "episode_show_name": null,
    "spotify_episode_uri": null,
    "audiobook_title": null,
    "audiobook_uri": null,
    "audiobook_chapter_uri": null,
    "audiobook_chapter_title": null,
    "reason_start": "unknown",
    "reason_end": "endplay",
    "shuffle": false,
    "skipped": true,
    "offline": null,
    "offline_timestamp": null,
    "incognito_mode": false
  },
  {
    "ts": "2023-06-02T15:08:22Z",
    "platform": "android",
    "ms_played": 0,
    "conn_country": "GB",
    "ip_addr": "86.133.1.165",
    "master_metadata_track_name": "Where'd All the Time Go?",
    "master_metadata_album_artist_name": "Dr. Dog",
    "master_metadata_album_album_name": "Shame, Shame",
    "spotify_track_uri": "spotify:track:0UV5zxRMz6AO4ZwUOZNIKI",
    "episode_name": null,
    "episode_show_name": null,
    "spotify_episode_uri": null,
    "audiobook_title": null,
    "audiobook_uri": null,
    "audiobook_chapter_uri": null,
    "audiobook_chapter_title": null,
    "reason_start": "unknown",
    "reason_end": "endplay",
    "shuffle": false,
    "skipped": true,
    "offline": null,
    "offline_timestamp": null,
    "incognito_mode": false
  },
  {
    "ts": "2023-06-02T15:09:13Z",
    "platform": "android",
    "ms_played": 8190,
    "conn_country": "GB",
    "ip_addr": "86.133.1.165",
    "master_metadata_track_name": "Where'd All the Time Go?",
    "master_metadata_album_artist_name": "Dr. Dog",
    "master_metadata_album_album_name": "Shame, Shame",
    "spotify_track_uri": "spotify:track:0UV5zxRMz6AO4ZwUOZNIKI",
    "episode_name": null,
    "episode_show_name": null,
    "spotify_episode_uri": null,
    "audiobook_title": null,
    "audiobook_uri": null,
    "audiobook_chapter_uri": null,
    "audiobook_chapter_title": null,
    "reason_start": "unknown",
    "reason_end": "endplay",
    "shuffle": false,
    "skipped": true,
    "offline": null,
    "offline_timestamp": null,
    "incognito_mode": false
  },
  {
    "ts": "2023-06-02T15:09:14Z",
    "platform": "android",
    "ms_played": 0,
    "conn_country": "GB",
    "ip_addr": "86.133.1.165",
    "master_metadata_track_name": "Valentine",
    "master_metadata_album_artist_name": "Laufey",
    "master_metadata_album_album_name": "Everything I Know About Love",
    "spotify_track_uri": "spotify:track:6cx5CvFhqN19efStehJqoW",
    "episode_name": null,
    "episode_show_name": null,
    "spotify_episode_uri": null,
    "audiobook_title": null,
    "audiobook_uri": null,
    "audiobook_chapter_uri": null,
    "audiobook_chapter_title": null,
    "reason_start": "unknown",
    "reason_end": "endplay",
    "shuffle": false,
    "skipped": true,
    "offline": null,
    "offline_timestamp": null,
    "incognito_mode": false
  },
  {
    "ts": "2023-06-02T15:09:16Z",
    "platform": "android",
    "ms_played": 2371,
    "conn_country": "GB",
    "ip_addr": "86.133.1.165",
    "master_metadata_track_name": "Stargirl Interlude",
    "master_metadata_album_artist_name": "The Weeknd",
    "master_metadata_album_album_name": "Starboy",
    "spotify_track_uri": "spotify:track:5gDWsRxpJ2lZAffh5p7K0w",
    "episode_name": null,
    "episode_show_name": null,
    "spotify_episode_uri": null,
    "audiobook_title": null,
    "audiobook_uri": null,
    "audiobook_chapter_uri": null,
    "audiobook_chapter_title": null,
    "reason_start": "unknown",
    "reason_end": "endplay",
    "shuffle": false,
    "skipped": true,
    "offline": null,
    "offline_timestamp": null,
    "incognito_mode": false
  },
  {
    "ts": "2023-06-02T15:09:16Z",
    "platform": "android",
    "ms_played": 0,
    "conn_country": "GB",
    "ip_addr": "86.133.1.165",
    "master_metadata_track_name": "Where'd All the Time Go?",
    "master_metadata_album_artist_name": "Dr. Dog",
    "master_metadata_album_album_name": "Shame, Shame",
    "spotify_track_uri": "spotify:track:0UV5zxRMz6AO4ZwUOZNIKI",
    "episode_name": null,
    "episode_show_name": null,
    "spotify_episode_uri": null,
    "audiobook_title": null,
    "audiobook_uri": null,
    "audiobook_chapter_uri": null,
    "audiobook_chapter_title": null,
    "reason_start": "unknown",
    "reason_end": "endplay",
    "shuffle": false,
    "skipped": true,
    "offline": null,
    "offline_timestamp": null,
    "incognito_mode": false
  },
  {
    "ts": "2023-06-02T15:09:17Z",
    "platform": "android",
    "ms_played": 0,
    "conn_country": "GB",
    "ip_addr": "86.133.1.165",
    "master_metadata_track_name": "Stargirl Interlude",
    "master_metadata_album_artist_name": "The Weeknd",
    "master_metadata_album_album_name": "Starboy",
    "spotify_track_uri": "spotify:track:5gDWsRxpJ2lZAffh5p7K0w",
    "episode_name": null,
    "episode_show_name": null,
    "spotify_episode_uri": null,
    "audiobook_title": null,
    "audiobook_uri": null,
    "audiobook_chapter_uri": null,
    "audiobook_chapter_title": null,
    "reason_start": "unknown",
    "reason_end": "endplay",
    "shuffle": false,
    "skipped": true,
    "offline": null,
    "offline_timestamp": null,
    "incognito_mode": false
  },
  {
    "ts": "2023-06-02T15:09:17Z",
    "platform": "android",
    "ms_played": 1275,
    "conn_country": "GB",
    "ip_addr": "86.133.1.165",
    "master_metadata_track_name": "Digital Silence",
    "master_metadata_album_artist_name": "Peter McPoland",
    "master_metadata_album_album_name": "Digital Silence",
    "spotify_track_uri": "spotify:track:6cJSXxvl9l94huIUIqsEQo",
    "episode_name": null,
    "episode_show_name": null,
    "spotify_episode_uri": null,
    "audiobook_title": null,
    "audiobook_uri": null,
    "audiobook_chapter_uri": null,
    "audiobook_chapter_title": null,
    "reason_start": "unknown",
    "reason_end": "endplay",
    "shuffle": false,
    "skipped": true,
    "offline": null,
    "offline_timestamp": null,
    "incognito_mode": false
  },
  {
    "ts": "2023-06-02T15:09:19Z",
    "platform": "android",
    "ms_played": 0,
    "conn_country": "GB",
    "ip_addr": "86.133.1.165",
    "master_metadata_track_name": "Elvis",
    "master_metadata_album_artist_name": "Noble Son",
    "master_metadata_album_album_name": "Elvis",
    "spotify_track_uri": "spotify:track:7E2MggUPZ0v9lIM9yQhBas",
    "episode_name": null,
    "episode_show_name": null,
    "spotify_episode_uri": null,
    "audiobook_title": null,
    "audiobook_uri": null,
    "audiobook_chapter_uri": null,
    "audiobook_chapter_title": null,
    "reason_start": "unknown",
    "reason_end": "endplay",
    "shuffle": false,
    "skipped": true,
    "offline": null,
    "offline_timestamp": null,
    "incognito_mode": false
  },
  {
    "ts": "2023-06-02T15:09:19Z",
    "platform": "android",
    "ms_played": 0,
    "conn_country": "GB",
    "ip_addr": "86.133.1.165",
    "master_metadata_track_name": "Picture in My Mind",
    "master_metadata_album_artist_name": "PinkPantheress",
    "master_metadata_album_album_name": "Picture in my mind",
    "spotify_track_uri": "spotify:track:0z3YYobsavHguLTgqg5GC1",
    "episode_name": null,
    "episode_show_name": null,
    "spotify_episode_uri": null,
    "audiobook_title": null,
    "audiobook_uri": null,
    "audiobook_chapter_uri": null,
    "audiobook_chapter_title": null,
    "reason_start": "unknown",
    "reason_end": "endplay",
    "shuffle": false,
    "skipped": true,
    "offline": null,
    "offline_timestamp": null,
    "incognito_mode": false
  },
  {
    "ts": "2023-06-02T15:09:20Z",
    "platform": "android",
    "ms_played": 1764,
    "conn_country": "GB",
    "ip_addr": "86.133.1.165",
    "master_metadata_track_name": "Bound",
    "master_metadata_album_artist_name": "The Ponderosa Twins Plus One",
    "master_metadata_album_album_name": "2+2+1=",
    "spotify_track_uri": "spotify:track:0AqE2nClzllWavHbkC2AeZ",
    "episode_name": null,
    "episode_show_name": null,
    "spotify_episode_uri": null,
    "audiobook_title": null,
    "audiobook_uri": null,
    "audiobook_chapter_uri": null,
    "audiobook_chapter_title": null,
    "reason_start": "unknown",
    "reason_end": "endplay",
    "shuffle": false,
    "skipped": true,
    "offline": null,
    "offline_timestamp": null,
    "incognito_mode": false
  },
  {
    "ts": "2023-06-02T15:09:20Z",
    "platform": "android",
    "ms_played": 0,
    "conn_country": "GB",
    "ip_addr": "86.133.1.165",
    "master_metadata_track_name": "Digital Silence",
    "master_metadata_album_artist_name": "Peter McPoland",
    "master_metadata_album_album_name": "Digital Silence",
    "spotify_track_uri": "spotify:track:6cJSXxvl9l94huIUIqsEQo",
    "episode_name": null,
    "episode_show_name": null,
    "spotify_episode_uri": null,
    "audiobook_title": null,
    "audiobook_uri": null,
    "audiobook_chapter_uri": null,
    "audiobook_chapter_title": null,
    "reason_start": "unknown",
    "reason_end": "endplay",
    "shuffle": false,
    "skipped": true,
    "offline": null,
    "offline_timestamp": null,
    "incognito_mode": false
  },
  {
    "ts": "2023-06-08T06:09:03Z",
    "platform": "android",
    "ms_played": 0,
    "conn_country": "GB",
    "ip_addr": "86.133.1.165",
    "master_metadata_track_name": null,
    "master_metadata_album_artist_name": null,
    "master_metadata_album_album_name": null,
    "spotify_track_uri": null,
    "episode_name": "the problem with \"imposter syndrome\"",
    "episode_show_name": "Tigress by Nadya Okamoto",
    "spotify_episode_uri": "spotify:episode:1myk6gdKa0s5Wk9RG6yHIA",
    "audiobook_title": null,
    "audiobook_uri": null,
    "audiobook_chapter_uri": null,
    "audiobook_chapter_title": null,
    "reason_start": "unknown",
    "reason_end": "endplay",
    "shuffle": false,
    "skipped": true,
    "offline": null,
    "offline_timestamp": null,
    "incognito_mode": false
  },
  {
    "ts": "2023-06-08T06:09:04Z",
    "platform": "android",
    "ms_played": 0,
    "conn_country": "GB",
    "ip_addr": "86.133.1.165",
    "master_metadata_track_name": null,
    "master_metadata_album_artist_name": null,
    "master_metadata_album_album_name": null,
    "spotify_track_uri": null,
    "episode_name": "S2.9 Big spenders",
    "episode_show_name": "The Lazarus Heist",
    "spotify_episode_uri": "spotify:episode:6vhWCNnhgHyNsiXW2ivnPl",
    "audiobook_title": null,
    "audiobook_uri": null,
    "audiobook_chapter_uri": null,
    "audiobook_chapter_title": null,
    "reason_start": "unknown",
    "reason_end": "endplay",
    "shuffle": false,
    "skipped": true,
    "offline": null,
    "offline_timestamp": null,
    "incognito_mode": false
  },
  {
    "ts": "2023-11-29T13:16:24Z",
    "platform": "android",
    "ms_played": 630,
    "conn_country": "GB",
    "ip_addr": "109.175.187.144",
    "master_metadata_track_name": "No Hands",
    "master_metadata_album_artist_name": "Joy Crookes",
    "master_metadata_album_album_name": "Perception EP",
    "spotify_track_uri": "spotify:track:0gZcAOhjbDoLGzCQ0VW2J6",
    "episode_name": null,
    "episode_show_name": null,
    "spotify_episode_uri": null,
    "audiobook_title": null,
    "audiobook_uri": null,
    "audiobook_chapter_uri": null,
    "audiobook_chapter_title": null,
    "reason_start": "unknown",
    "reason_end": "endplay",
    "shuffle": false,
    "skipped": true,
    "offline": null,
    "offline_timestamp": null,
    "incognito_mode": false
  },
  {
    "ts": "2023-11-29T13:16:29Z",
    "platform": "android",
    "ms_played": 256,
    "conn_country": "GB",
    "ip_addr": "109.175.187.144",
    "master_metadata_track_name": "Someone New",
    "master_metadata_album_artist_name": "Hozier",
    "master_metadata_album_album_name": "Hozier",
    "spotify_track_uri": "spotify:track:22sS7JkzeVeq4vOPCB6Fbj",
    "episode_name": null,
    "episode_show_name": null,
    "spotify_episode_uri": null,
    "audiobook_title": null,
    "audiobook_uri": null,
    "audiobook_chapter_uri": null,
    "audiobook_chapter_title": null,
    "reason_start": "unknown",
    "reason_end": "endplay",
    "shuffle": false,
    "skipped": true,
    "offline": null,
    "offline_timestamp": null,
    "incognito_mode": false
  },
  {
    "ts": "2023-11-29T13:16:33Z",
    "platform": "android",
    "ms_played": 0,
    "conn_country": "GB",
    "ip_addr": "109.175.187.144",
    "master_metadata_track_name": "Come Down",
    "master_metadata_album_artist_name": "Anderson .Paak",
    "master_metadata_album_album_name": "Malibu",
    "spotify_track_uri": "spotify:track:6h5IlvRJ2ZNPloCOdzUmyW",
    "episode_name": null,
    "episode_show_name": null,
    "spotify_episode_uri": null,
    "audiobook_title": null,
    "audiobook_uri": null,
    "audiobook_chapter_uri": null,
    "audiobook_chapter_title": null,
    "reason_start": "unknown",
    "reason_end": "endplay",
    "shuffle": false,
    "skipped": true,
    "offline": null,
    "offline_timestamp": null,
    "incognito_mode": false
  },
  {
    "ts": "2023-11-29T13:16:37Z",
    "platform": "android",
    "ms_played": 935,
    "conn_country": "GB",
    "ip_addr": "109.175.187.144",
    "master_metadata_track_name": "Oh Baby (feat. bshp & Issey Cross)",
    "master_metadata_album_artist_name": "Nathan Dawe",
    "master_metadata_album_album_name": "Oh Baby (feat. bshp & Issey Cross)",
    "spotify_track_uri": "spotify:track:2F0dCzhF9W1tcXwXu99m28",
    "episode_name": null,
    "episode_show_name": null,
    "spotify_episode_uri": null,
    "audiobook_title": null,
    "audiobook_uri": null,
    "audiobook_chapter_uri": null,
    "audiobook_chapter_title": null,
    "reason_start": "unknown",
    "reason_end": "endplay",
    "shuffle": false,
    "skipped": true,
    "offline": null,
    "offline_timestamp": null,
    "incognito_mode": false
  },
  {
    "ts": "2023-11-29T13:16:42Z",
    "platform": "android",
    "ms_played": 930,
    "conn_country": "GB",
    "ip_addr": "109.175.187.144",
    "master_metadata_track_name": "Glue Song",
    "master_metadata_album_artist_name": "beabadoobee",
    "master_metadata_album_album_name": "Glue Song",
    "spotify_track_uri": "spotify:track:3iBgrkexCzVuPy4O9vx7Mf",
    "episode_name": null,
    "episode_show_name": null,
    "spotify_episode_uri": null,
    "audiobook_title": null,
    "audiobook_uri": null,
    "audiobook_chapter_uri": null,
    "audiobook_chapter_title": null,
    "reason_start": "unknown",
    "reason_end": "endplay",
    "shuffle": false,
    "skipped": true,
    "offline": null,
    "offline_timestamp": null,
    "incognito_mode": false
  },
  {
    "ts": "2023-11-29T13:16:46Z",
    "platform": "android",
    "ms_played": 56,
    "conn_country": "GB",
    "ip_addr": "109.175.187.144",
    "master_metadata_track_name": "I Ain't Worried",
    "master_metadata_album_artist_name": "OneRepublic",
    "master_metadata_album_album_name": "I Ain’t Worried",
    "spotify_track_uri": "spotify:track:4h9wh7iOZ0GGn8QVp4RAOB",
    "episode_name": null,
    "episode_show_name": null,
    "spotify_episode_uri": null,
    "audiobook_title": null,
    "audiobook_uri": null,
    "audiobook_chapter_uri": null,
    "audiobook_chapter_title": null,
    "reason_start": "unknown",
    "reason_end": "endplay",
    "shuffle": false,
    "skipped": true,
    "offline": null,
    "offline_timestamp": null,
    "incognito_mode": false
  },
  {
    "ts": "2024-02-07T08:38:37Z",
    "platform": "android",
    "ms_played": 1998,
    "conn_country": "GB",
    "ip_addr": "31.94.28.138",
    "master_metadata_track_name": null,
    "master_metadata_album_artist_name": null,
    "master_metadata_album_album_name": null,
    "spotify_track_uri": null,
    "episode_name": "America looks set for Trump v Biden",
    "episode_show_name": "Americast",
    "spotify_episode_uri": "spotify:episode:05TkyOwNBcrEMHWI662Ei1",
    "audiobook_title": null,
    "audiobook_uri": null,
    "audiobook_chapter_uri": null,
    "audiobook_chapter_title": null,
    "reason_start": "unknown",
    "reason_end": "endplay",
    "shuffle": false,
    "skipped": true,
    "offline": null,
    "offline_timestamp": null,
    "incognito_mode": false
  },
  {
    "ts": "2024-02-09T15:10:52Z",
    "platform": "android",
    "ms_played": 254,
    "conn_country": "GB",
    "ip_addr": "31.94.62.219",
    "master_metadata_track_name": "Mood Swings",
    "master_metadata_album_artist_name": "Little Simz",
    "master_metadata_album_album_name": "Drop 7",
    "spotify_track_uri": "spotify:track:124nj3QzqpccVdLbiFHPeB",
    "episode_name": null,
    "episode_show_name": null,
    "spotify_episode_uri": null,
    "audiobook_title": null,
    "audiobook_uri": null,
    "audiobook_chapter_uri": null,
    "audiobook_chapter_title": null,
    "reason_start": "unknown",
    "reason_end": "endplay",
    "shuffle": false,
    "skipped": true,
    "offline": null,
    "offline_timestamp": null,
    "incognito_mode": false
  },
  {
    "ts": "2024-02-22T16:43:57Z",
    "platform": "android",
    "ms_played": 0,
    "conn_country": "GB",
    "ip_addr": "31.94.28.221",
    "master_metadata_track_name": "this is what autumn feels like",
    "master_metadata_album_artist_name": "JVKE",
    "master_metadata_album_album_name": "this is what autumn feels like",
    "spotify_track_uri": "spotify:track:2YOGCTiPJWMhZRdeadFj8G",
    "episode_name": null,
    "episode_show_name": null,
    "spotify_episode_uri": null,
    "audiobook_title": null,
    "audiobook_uri": null,
    "audiobook_chapter_uri": null,
    "audiobook_chapter_title": null,
    "reason_start": "unknown",
    "reason_end": "endplay",
    "shuffle": false,
    "skipped": true,
    "offline": null,
    "offline_timestamp": null,
    "incognito_mode": false
  },
  {
    "ts": "2024-06-08T22:42:09Z",
    "platform": "android",
    "ms_played": 2734,
    "conn_country": "GB",
    "ip_addr": "86.155.150.107",
    "master_metadata_track_name": "Orange-coloured day",
    "master_metadata_album_artist_name": "Liana Flores",
    "master_metadata_album_album_name": "Orange-coloured day",
    "spotify_track_uri": "spotify:track:3jXy5FvEftfAWa6Bk5ukAy",
    "episode_name": null,
    "episode_show_name": null,
    "spotify_episode_uri": null,
    "audiobook_title": null,
    "audiobook_uri": null,
    "audiobook_chapter_uri": null,
    "audiobook_chapter_title": null,
    "reason_start": "unknown",
    "reason_end": "endplay",
    "shuffle": false,
    "skipped": true,
    "offline": null,
    "offline_timestamp": null,
    "incognito_mode": false
  },
  {
    "ts": "2024-06-11T19:27:24Z",
    "platform": "android",
    "ms_played": 259,
    "conn_country": "GB",
    "ip_addr": "86.155.150.107",
    "master_metadata_track_name": "Real House",
    "master_metadata_album_artist_name": "Adrianne Lenker",
    "master_metadata_album_album_name": "Bright Future",
    "spotify_track_uri": "spotify:track:62R903SYfJm79xxLhjEhyW",
    "episode_name": null,
    "episode_show_name": null,
    "spotify_episode_uri": null,
    "audiobook_title": null,
    "audiobook_uri": null,
    "audiobook_chapter_uri": null,
    "audiobook_chapter_title": null,
    "reason_start": "unknown",
    "reason_end": "endplay",
    "shuffle": false,
    "skipped": true,
    "offline": null,
    "offline_timestamp": null,
    "incognito_mode": false
  },
  {
    "ts": "2024-07-14T13:41:52Z",
    "platform": "android",
    "ms_played": 0,
    "conn_country": "GB",
    "ip_addr": "31.94.56.208",
    "master_metadata_track_name": "Whispered Intro",
    "master_metadata_album_artist_name": "Jocie B ASMR",
    "master_metadata_album_album_name": "ASMR You’re A Roach & I’m Doing Your Makeup (Lofi, Layered Sounds, Bugs And More)",
    "spotify_track_uri": "spotify:track:2CaKmMSgX6C3HiEWVRrWLu",
    "episode_name": null,
    "episode_show_name": null,
    "spotify_episode_uri": null,
    "audiobook_title": null,
    "audiobook_uri": null,
    "audiobook_chapter_uri": null,
    "audiobook_chapter_title": null,
    "reason_start": "unknown",
    "reason_end": "endplay",
    "shuffle": false,
    "skipped": true,
    "offline": null,
    "offline_timestamp": null,
    "incognito_mode": false
  }
]